title,url,text,filepath
Local index - HTTrack Website Copier,https://selfhelp.vacourts.gov/,"HTTrack Website Copier - Open Source offline browser
Local index - HTTrack
Index of locally available sites:
·
Home | Virginia Judicial System Court Self-Help
Mirror and index made by HTTrack Website Copier [XR&CO'2008]
© 2008 Xavier Roche & other contributors - Web Design: Leto Kauler.",/home/alex/va_courts_website/index.html
News | Virginia Judicial System Court Self-Help,https://selfhelp.vacourts.gov/selfhelp.vacourts.gov/news02e4.html,"Guide to Virginia Legal Information Resources (2025)
An updated Guide to Virginia Legal Information Resources has been released. This document includes a list of legal information resources covering topics as varied as incorporating a business, contesting a traffic ticket, researching health law, obtai...
Access to Justice Listening Tour for Greater Richmond
The Access to Justice Commission of the Supreme Court of Virginia Invites you to a Public Hearing on Legal Services and Access to Justice in Greater RichmondWe want to hear about your experiences and frustrations:Has it been difficult to fi...
A Guide to Self-Representation in the Court of Appeals of Virginia
The Court of Appeals has issued a Self-Represented Litigant Guide to assist litigants who do not have an attorney to represent them in their appeals. In most civil cases, in particular, litigants who cannot afford an attorney do not have a right to a...
Eviction Defense Center website help
Virginia Poverty Law Center staff will be at the main branch of the Richmond Public Library to help people use a new online Eviction Defense Center. Renters at risk of losing their home can find step-by-step instructions for fighting evicti...
Guide to Virginia Legal Information Resources (2023)
This document includes a list of legal information resources covering topics as varied as incorporating a business, contesting a traffic ticket, researching health law, obtaining social security, renting a dwelling, buying a house, and writing a will...
New platform - new look
The web content management system for this website has been upgraded. No content was removed – but the changes provide a smoother mobile user experience. A new Quick Exit feature now appears on the upper right corner of every page. Clicking tha...
Online Legal Information Resources
AALL, the American Association of Law Libraries, now offers a new online legal resource, the Online Legal Information Resources (OLIR). The OLIR was developed to provide law librarians, public librarians and members of the public access to...
Hope Card Program in Virginia
The Hope Card Program has been expanded to all localities in the Commonwealth of Virginia. The Hope Card is a durable, plastic, wallet-sized card that summarizes a protective order's most important details in an easy-to-read format. A Hope Ca...
How to Apply for Your Birth Certificate as an Adult in Virginia
Blue Ridge Legal Services has created a guide to assist an adult residing in Virginia who is trying to get a copy of their own birth certificate. https://www.vsb.org/docs/Obtaining_adult_birth_cert.pdf The guide lists the steps to obtain a...
New publication - Options in Virginia to Help Another Person Make Decisions
This short publication from Virginia WINGS (Working Interdisciplinary Networks of Guardianship Stakeholders) covers ""Choices less restrictive than Guardianship and Conservatorship."" It outlines health/personal and financial decision-making options...
Pagination
- Page 1
- Next page",/home/alex/va_courts_website/selfhelp.vacourts.gov/news02e4.html
"Sorry, we can't find the page. | Virginia Judicial System Court Self-Help",https://selfhelp.vacourts.gov/selfhelp.vacourts.gov/contact.html,"Virginia Judicial System Court Self-Help
Resources for Self-Represented Litigants in Virginia
Menu
Please search the website or explorer these popular pages.",/home/alex/va_courts_website/selfhelp.vacourts.gov/contact.html
Topics | Virginia Judicial System Court Self-Help,https://selfhelp.vacourts.gov/selfhelp.vacourts.gov/topics.html,"Skip to main content
Virginia Judicial System Court Self-Help
Resources for Self-Represented Litigants in Virginia
Quick Exit
Search by Keywords
Search
Search
Menu
Find Legal Help
Find a Court
Find a Case
Find a Form
Common Legal Topics
Change Your Address
Custody, Visitation & Support
Divorce
Domestic Violence
Filing Fees & Waivers
Glossaries
Guardianship & Conservatorship
How to Change Your Address
Landlord - Tenant
Probate
Protective Orders
Resources for Veterans
Small Claims
Traffic Cases and Driver's Licenses
Traffic
Veterans
News and Publications
FAQs
Home
Topics
Topics",/home/alex/va_courts_website/selfhelp.vacourts.gov/topics.html
"Sorry, we can't find the page. | Virginia Judicial System Court Self-Help",https://selfhelp.vacourts.gov/selfhelp.vacourts.gov/vacourts-self-help-divorce.html,"Virginia Judicial System Court Self-Help
Resources for Self-Represented Litigants in Virginia
Menu
Please search the website or explorer these popular pages.",/home/alex/va_courts_website/selfhelp.vacourts.gov/vacourts-self-help-divorce.html
Home | Virginia Judicial System Court Self-Help,https://selfhelp.vacourts.gov/selfhelp.vacourts.gov/,"Virginia Free Legal Answers
Virginia.freelegalanswers.org is a free, fast, and easy service for Virginians who cannot afford a lawyer. The site can be accessed from any device anywhere, even at your public library. There is no cost to you to post your question or to receive an answer.
23 Apr 2025
Guide to Virginia Legal Information Resources (2025)
An updated Guide to Virginia Legal Information Resources has been released…
Continue Reading10 Apr 2025
Access to Justice Listening Tour for Greater Richmond
The Access to Justice Commission of the Supreme Court of Virginia Invites…
Continue Reading",/home/alex/va_courts_website/selfhelp.vacourts.gov/index.html
"Sorry, we can't find the page. | Virginia Judicial System Court Self-Help",https://selfhelp.vacourts.gov/selfhelp.vacourts.gov/vacourts-self-help-probate-in-virginia.html,"Virginia Judicial System Court Self-Help
Resources for Self-Represented Litigants in Virginia
Menu
Please search the website or explorer these popular pages.",/home/alex/va_courts_website/selfhelp.vacourts.gov/vacourts-self-help-probate-in-virginia.html
News | Virginia Judicial System Court Self-Help,https://selfhelp.vacourts.gov/selfhelp.vacourts.gov/news2679.html,"Civil Legal Response to COVID-19 in Virginia
During the COVID-19 crisis, Legal Aid programs are available to provide assistance and legal information on housing, public benefits and other issues which can be found here. To reach your local Legal Aid office please contact 1-866-LEGLAID ...
Supreme Court of Virginia Declares Judicial Emergency
On March 16, 2020 the Supreme Court of Virginia issued an order declaring a judicial emergency for all district and circuit courts of the Commonwealth to protect the health and safety of court employees, litigants, judges, and the general public...
New Online Resources for Guardians and Conservators
Two new resources now appear within the ""Guardianship and Conservatorship"" topic on the website: FAQs [frequently asked questions and answers] about the appointment of guardians and conservators for incapacitated adults: FAQs about Guardians an...
Resources for Veterans
The Military & Veteran Legal Resource Guide was published by the Virginia Office of the Attorney General. This booklet is for Virginia service members, their families, and veterans. It explains the legal protections, ri...
Statewide Senior Legal Helpline
The Virginia Poverty Law Center is proud to announce the Statewide Senior Legal Helpline is live and running! (844) 802-5910 This is a toll-free line offering legal assistance and advice for Virginians aged 60 or over. ...
Free and Low Cost Legal Resources Pamphlet
The Virginia State Bar offers this pamphlet that includes information for low- and modest-income Virginians about obtaining legal services.
""What to Do When You Can't Afford an Attorney""
The Virginia State Bar Special Committee on Access to Legal Services is pleased to offer access to a recording of the free public information webinar ""What to Do When You Can't Afford an Attorney"" held on November 29, 2016. (One must ...
Cell Phone & Electronic Device Policy
Most courts in Virginia do not allow you to bring a cell phone or other electronic device into the building. Plan ahead. If you have a specific question or need, contact your local court before you leave home and arrive at courthouse secu...
Pagination
- Previous page
- Page 2",/home/alex/va_courts_website/selfhelp.vacourts.gov/news2679.html
News | Virginia Judicial System Court Self-Help,https://selfhelp.vacourts.gov/selfhelp.vacourts.gov/news.html,"Guide to Virginia Legal Information Resources (2025)
An updated Guide to Virginia Legal Information Resources has been released. This document includes a list of legal information resources covering topics as varied as incorporating a business, contesting a traffic ticket, researching health law, obtai...
Access to Justice Listening Tour for Greater Richmond
The Access to Justice Commission of the Supreme Court of Virginia Invites you to a Public Hearing on Legal Services and Access to Justice in Greater RichmondWe want to hear about your experiences and frustrations:Has it been difficult to fi...
A Guide to Self-Representation in the Court of Appeals of Virginia
The Court of Appeals has issued a Self-Represented Litigant Guide to assist litigants who do not have an attorney to represent them in their appeals. In most civil cases, in particular, litigants who cannot afford an attorney do not have a right to a...
Eviction Defense Center website help
Virginia Poverty Law Center staff will be at the main branch of the Richmond Public Library to help people use a new online Eviction Defense Center. Renters at risk of losing their home can find step-by-step instructions for fighting evicti...
Guide to Virginia Legal Information Resources (2023)
This document includes a list of legal information resources covering topics as varied as incorporating a business, contesting a traffic ticket, researching health law, obtaining social security, renting a dwelling, buying a house, and writing a will...
New platform - new look
The web content management system for this website has been upgraded. No content was removed – but the changes provide a smoother mobile user experience. A new Quick Exit feature now appears on the upper right corner of every page. Clicking tha...
Online Legal Information Resources
AALL, the American Association of Law Libraries, now offers a new online legal resource, the Online Legal Information Resources (OLIR). The OLIR was developed to provide law librarians, public librarians and members of the public access to...
Hope Card Program in Virginia
The Hope Card Program has been expanded to all localities in the Commonwealth of Virginia. The Hope Card is a durable, plastic, wallet-sized card that summarizes a protective order's most important details in an easy-to-read format. A Hope Ca...
How to Apply for Your Birth Certificate as an Adult in Virginia
Blue Ridge Legal Services has created a guide to assist an adult residing in Virginia who is trying to get a copy of their own birth certificate. https://www.vsb.org/docs/Obtaining_adult_birth_cert.pdf The guide lists the steps to obtain a...
New publication - Options in Virginia to Help Another Person Make Decisions
This short publication from Virginia WINGS (Working Interdisciplinary Networks of Guardianship Stakeholders) covers ""Choices less restrictive than Guardianship and Conservatorship."" It outlines health/personal and financial decision-making options...
Pagination
- Page 1
- Next page",/home/alex/va_courts_website/selfhelp.vacourts.gov/news.html
legal aid | Virginia Judicial System Court Self-Help,https://selfhelp.vacourts.gov/selfhelp.vacourts.gov/taxonomy/term/11.html,"Skip to main content
Virginia Judicial System Court Self-Help
Resources for Self-Represented Litigants in Virginia
Quick Exit
Search by Keywords
Search
Search
Menu
Find Legal Help
Find a Court
Find a Case
Find a Form
Common Legal Topics
Change Your Address
Custody, Visitation & Support
Divorce
Domestic Violence
Filing Fees & Waivers
Glossaries
Guardianship & Conservatorship
How to Change Your Address
Landlord - Tenant
Probate
Protective Orders
Resources for Veterans
Small Claims
Traffic Cases and Driver's Licenses
Traffic
Veterans
News and Publications
FAQs
Home
legal aid
legal aid
See All Topics
Find a Lawyer
Who is a Lawyer? A lawyer, also called an attorney, is someone who is licensed to practice law. Only a lawyer licensed to practice law in Virginia can provide you legal advice about a legal issue in Virginia.",/home/alex/va_courts_website/selfhelp.vacourts.gov/taxonomy/term/11.html
Domestic Violence | Virginia Judicial System Court Self-Help,https://selfhelp.vacourts.gov/selfhelp.vacourts.gov/taxonomy/term/21.html,"Skip to main content
Virginia Judicial System Court Self-Help
Resources for Self-Represented Litigants in Virginia
Quick Exit
Search by Keywords
Search
Search
Menu
Find Legal Help
Find a Court
Find a Case
Find a Form
Common Legal Topics
Change Your Address
Custody, Visitation & Support
Divorce
Domestic Violence
Filing Fees & Waivers
Glossaries
Guardianship & Conservatorship
How to Change Your Address
Landlord - Tenant
Probate
Protective Orders
Resources for Veterans
Small Claims
Traffic Cases and Driver's Licenses
Traffic
Veterans
News and Publications
FAQs
Home
Domestic Violence
Domestic Violence
See All Topics
Protective Orders
About Protective Orders In Virginia, there are two kinds of Protective Orders: 1) Family Abuse Protective Order, which is heard in the Juvenile and Domestic Relations Court",/home/alex/va_courts_website/selfhelp.vacourts.gov/taxonomy/term/21.html
lawyer | Virginia Judicial System Court Self-Help,https://selfhelp.vacourts.gov/selfhelp.vacourts.gov/taxonomy/term/9.html,"Skip to main content
Virginia Judicial System Court Self-Help
Resources for Self-Represented Litigants in Virginia
Quick Exit
Search by Keywords
Search
Search
Menu
Find Legal Help
Find a Court
Find a Case
Find a Form
Common Legal Topics
Change Your Address
Custody, Visitation & Support
Divorce
Domestic Violence
Filing Fees & Waivers
Glossaries
Guardianship & Conservatorship
How to Change Your Address
Landlord - Tenant
Probate
Protective Orders
Resources for Veterans
Small Claims
Traffic Cases and Driver's Licenses
Traffic
Veterans
News and Publications
FAQs
Home
lawyer
lawyer
See All Topics
Find a Lawyer
Who is a Lawyer? A lawyer, also called an attorney, is someone who is licensed to practice law. Only a lawyer licensed to practice law in Virginia can provide you legal advice about a legal issue in Virginia.",/home/alex/va_courts_website/selfhelp.vacourts.gov/taxonomy/term/9.html
DV | Virginia Judicial System Court Self-Help,https://selfhelp.vacourts.gov/selfhelp.vacourts.gov/taxonomy/term/22.html,"Skip to main content
Virginia Judicial System Court Self-Help
Resources for Self-Represented Litigants in Virginia
Quick Exit
Search by Keywords
Search
Search
Menu
Find Legal Help
Find a Court
Find a Case
Find a Form
Common Legal Topics
Change Your Address
Custody, Visitation & Support
Divorce
Domestic Violence
Filing Fees & Waivers
Glossaries
Guardianship & Conservatorship
How to Change Your Address
Landlord - Tenant
Probate
Protective Orders
Resources for Veterans
Small Claims
Traffic Cases and Driver's Licenses
Traffic
Veterans
News and Publications
FAQs
Home
DV
DV
See All Topics
Protective Orders
About Protective Orders In Virginia, there are two kinds of Protective Orders: 1) Family Abuse Protective Order, which is heard in the Juvenile and Domestic Relations Court",/home/alex/va_courts_website/selfhelp.vacourts.gov/taxonomy/term/22.html
mediator | Virginia Judicial System Court Self-Help,https://selfhelp.vacourts.gov/selfhelp.vacourts.gov/taxonomy/term/10.html,"Skip to main content
Virginia Judicial System Court Self-Help
Resources for Self-Represented Litigants in Virginia
Quick Exit
Search by Keywords
Search
Search
Menu
Find Legal Help
Find a Court
Find a Case
Find a Form
Common Legal Topics
Change Your Address
Custody, Visitation & Support
Divorce
Domestic Violence
Filing Fees & Waivers
Glossaries
Guardianship & Conservatorship
How to Change Your Address
Landlord - Tenant
Probate
Protective Orders
Resources for Veterans
Small Claims
Traffic Cases and Driver's Licenses
Traffic
Veterans
News and Publications
FAQs
Home
mediator
mediator
See All Topics
Find a Lawyer
Who is a Lawyer? A lawyer, also called an attorney, is someone who is licensed to practice law. Only a lawyer licensed to practice law in Virginia can provide you legal advice about a legal issue in Virginia.",/home/alex/va_courts_website/selfhelp.vacourts.gov/taxonomy/term/10.html
Compose tips | Virginia Judicial System Court Self-Help,https://selfhelp.vacourts.gov/selfhelp.vacourts.gov/filter/tips.html,"Compose tips
- No HTML tags allowed.
- Lines and paragraphs are automatically recognized. The <br /> line break, <p> paragraph and </p> close paragraph tags are inserted automatically. If paragraphs are not recognized simply add a couple of blank lines.
- Web page addresses and email addresses turn into links automatically.",/home/alex/va_courts_website/selfhelp.vacourts.gov/filter/tips.html
Common Legal Topics | Virginia Judicial System Court Self-Help,https://selfhelp.vacourts.gov/selfhelp.vacourts.gov/node/74/common-legal-topics.html,"23 Apr 2025
Guide to Virginia Legal Information Resources (2025)
An updated Guide to Virginia Legal Information Resources has been released…
Continue Reading10 Apr 2025
Access to Justice Listening Tour for Greater Richmond
The Access to Justice Commission of the Supreme Court of Virginia Invites…
Continue Reading",/home/alex/va_courts_website/selfhelp.vacourts.gov/node/74/common-legal-topics.html
New platform - new look | Virginia Judicial System Court Self-Help,https://selfhelp.vacourts.gov/selfhelp.vacourts.gov/node/68/new-platform-new-look.html,"New platform - new look
The web content management system for this website has been upgraded.
No content was removed – but the changes provide a smoother mobile user experience.
A new Quick Exit feature now appears on the upper right corner of every page. Clicking that red door icon erases the search history and opens a weather page in its place.
Hover a mouse over words with a dashed underline to see a definition for that word/phrase.
TIP: after selecting a Topic, click on the topic name in the white panel to see all available information of the topic.",/home/alex/va_courts_website/selfhelp.vacourts.gov/node/68/new-platform-new-look.html
New Online Resources for Guardians and Conservators | Virginia Judicial System Court Self-Help,https://selfhelp.vacourts.gov/selfhelp.vacourts.gov/node/36/new-online-resources-guardians-and-conservators.html,"New Online Resources for Guardians and Conservators
Two new resources now appear within the ""Guardianship and Conservatorship"" topic on the website:
FAQs [frequently asked questions and answers] about the appointment of guardians and conservators for incapacitated adults:
FAQs about Guardians and Conservators
An online tutorial about guardians and conservators for incapacitated adults in Virginia provides information about the duties and responsibilities of a guardian or conservator and explains guardianship:",/home/alex/va_courts_website/selfhelp.vacourts.gov/node/36/new-online-resources-guardians-and-conservators.html
Glossaries | Virginia Judicial System Court Self-Help,https://selfhelp.vacourts.gov/selfhelp.vacourts.gov/node/17/glossaries.html,"Glossaries
See Glossary of Terms Commonly Used in Court. Additional glossaries are available in court manuals.
General District Court Manual - The glossary begins on page 643.
Juvenile and Domestic Relations District Court Manual - The glossary begins on page 4.
Last updated on .",/home/alex/va_courts_website/selfhelp.vacourts.gov/node/17/glossaries.html
Page has moved,https://selfhelp.vacourts.gov/selfhelp.vacourts.gov/node/13/,Click here...,/home/alex/va_courts_website/selfhelp.vacourts.gov/node/13/index.html
"Custody, Visitation & Support | Virginia Judicial System Court Self-Help",https://selfhelp.vacourts.gov/selfhelp.vacourts.gov/node/13/custody-visitation-support.html,"Custody, Visitation & Support
What is Custody, Vistation and Support?
Custody, Visitation and Support refers to the parenting time schedule and division of legal rights and responsibilites between parents.
Which court handles Custody, Vistation and Support?
The Juvenile and Domestic Relations Court handles the cases most often. Parents must start the paperwork through their local Court Services Unit of the Juvenile and Domestic Relations (J&DR) Court. For parents with a Divorce case, the Circuit Court could also handle custody and support (both spousal and child). See the Divorce page for more information.
If a custody, visitation or support matter is before the Juvenile and Domestic Relations (J&DR) Court, and
- a parent files for divorce in the Circuit Court, asking that custody, visitation and support be resolved in the divorce
- and there is a hearing set within 21 days in the Circuit Court
the J&DR Court will no longer have jurisdiction to consider these matters, and the J&DR case will be dismissed. Typically, after a divorce is finalized, the Circuit Court ""remands"" (sends back) the case to the J&DR court, and all further issues about custody, visitation and support will be filed in the J&DR Court. If you already have a court order from a J&DR court on custody, visitation or support, and you want that order changed, and are not involved in a divorce, you must file in the same J&DR court which entered the last order for the change.
What about mediation?
Where appropriate, families are encouraged to use mediation to come up with a custody, visitation or support plan that works best for them. Mediating Child Support: Things to Know Before You Go
Visitation: Factors to Consider
See Find a Mediator or your local court to learn more. Once you have an agreement, it is finalized in court.
What resources exist to help parents develop a schedule that is in their children's best interest?
Parent education can be very helpful in thinking about what is best for your children. Parent education is required in cases where a child’s custody, visitation or support is contested. For more information, visit the Parent Education page.
What does the court consider in ordering a custody and visitation plan?
The Code of Virginia sets out factors which judges must consider in reviewing and deciding plans for parents' parenting time with their children. These factors are:
- The age and physical and mental condition of the child, giving due thought to the child's changing developmental needs;
- The age and physical and mental condition of each parent;
- The relationship existing between each parent and each child, giving due thought to the positive involvement with the child's life, the ability to accurately assess and meet the emotional, intellectual and physical needs of the child;
- The needs of the child, giving due thought to other important relationships of the child, including but not limited to siblings, peers and extended family members;
- The role that each parent has played and will play in the future, in the upbringing and care of the child;
- The tendency of each parent to actively support the child's contact and relationship with the other parent, including whether a parent has unreasonably denied the other parent access to or visitation with the child;
- The relative willingness and demonstrated ability of each parent to maintain a close and continuing relationship with the child, and the ability of each parent to cooperate in and resolve disputes about matters affecting the child;
- The reasonable preference of the child, if the court deems the child to be of reasonable intelligence, understanding, age and experience to express such a preference;
- Any history of family abuse as that term is defined in § 16.1-228 or sexual abuse. If the court finds such a history, the court may disregard the factors in subdivision 6; and
- Such other factors as the court deems necessary and proper to the determination.
If you already have a court order for custody, visitation or support, the court will only consider a change to that order if there has been a ""material change of circumstances"" since entry of the last order. Once that has been proven, the court will order a change if the evidence shows a change is in the child's best interest. In any custody or visitation order, the court is required to consider first and foremost the child's best interest. The court may appoint a Guardian Ad Litem (GAL) to represent the child's interest before the court. Costs associated with the Guardian Ad Litem will be assessed by the court to the parties and is based upon their ability to pay.
A video at the VA Law Help 2 Go website describes what physical and legal custody mean in regards to parenting time and parents’ rights in making major decisions for the child.
What about paternity?
Paternity can be established at birth, either by an Acknowledgement of Paternity or because the mother is married. If the mother is married at the time of birth or anytime in the ten months before the birth of the child, the Commonwealth of Virginia requires that the husband or ex-husband be presumed to be the father of the child. If paternity was not established correctly at birth, parents can address the issue through the court. More information about paternity is available from the Virginia Legal Aid Society's pamphlet on paternity, as well as your local court.
What about child support?
Each parent is required to support their children. See the Virginia law on child support guidelines to understand more.
Where can I find forms about custody, visitation, and child support?
Visit the Custody, Visitation & Child Support Forms page for more information.
Other resources for child and spousal support:
Va Law Help 2 Go video about child support
VALegalAid.org pages on child and spousal support
FAQs on Child Support from the Virginia Department of Social Services",/home/alex/va_courts_website/selfhelp.vacourts.gov/node/13/custody-visitation-support.html
Page has moved,https://selfhelp.vacourts.gov/selfhelp.vacourts.gov/node/8/,Click here...,/home/alex/va_courts_website/selfhelp.vacourts.gov/node/8/index.html
Divorce | Virginia Judicial System Court Self-Help,https://selfhelp.vacourts.gov/selfhelp.vacourts.gov/node/8/divorce.html,"Divorce
What happens in a Divorce?
A divorce case can handle the following issues:
- end the marriage
- reinstate a former name
- divide property and debt
- support of a spouse
- support of a child
- custody and visitation (parenting time)
- parentage issues if necessary
Which Court handles divorce?
Divorces are heard in the Circuit Court. Custody, visitation, child support, parentage and spousal support may be resolved in the Juvenile and Domestic Relations District Court. After a divorce, requests to revise support, custody and visitation generally go to the Juvenile and Domestic Relations District Court.
What are the different kinds of divorce?
There are three kinds of divorces: Uncontested, No-Fault, and Contested.
- For more information about Uncontested and No-Fault Divorce, please visit VALegalAid.org. This website offers an online forms program for Uncontested or No-Fault Divorce.
- Consult with a lawyer to learn more about Contested Divorce.
What resources can help me understand the divorce process?
There are no official court forms dealing with the process of spousal separation or divorce. Information about the divorce process, as well as practical concerns about financial matters and custody, is available from the Virginia State Bar and VALegalAid.org. These organizations and the find a lawyer resources, along with your local court, local law library or local Bar Association may also be able to refer you to someone who can help. VA Law Help 2 Go offers a video that explains your options in pursuing an uncontested divorce from your partner.
Spare the Child, a project of the Virginia State Bar's Family Law Section, guides parents through the difficult task of restructuring their family. The documentary-style, conversational video uses everyday language. This link includes a brochure to use with the video.
What about custody, visitation and support?
Please visit the Custody and Support page.
- Prev
- Next",/home/alex/va_courts_website/selfhelp.vacourts.gov/node/8/divorce.html
Page has moved,https://selfhelp.vacourts.gov/selfhelp.vacourts.gov/node/4/,Click here...,/home/alex/va_courts_website/selfhelp.vacourts.gov/node/4/index.html
Find Your Court | Virginia Judicial System Court Self-Help,https://selfhelp.vacourts.gov/selfhelp.vacourts.gov/node/4/find-your-court.html,"Find Your Court
How do I find the right court?
Step 1. What kind of case do you have?
-
Custody, support, domestic violence, paternity determination, juvenile traffic infraction, as well as other family and juvenile matters, are heard in the Juvenile and Domestic Relations District Court (click for full list of case types and other general information)
-
Adult traffic infractions, landlord - tenant matters, non-family abuse protective orders, misdemeanors and money cases up to $25,000 are heard in the General District Court (click for full list of case types and other general information)
-
Divorce, probate, guardianship and conservatorship, felonies and other matters, are heard in the Circuit Court (click for full list of case types and other general information)
Step 2. Which court has jurisdiction?
For example, the power to decide the case because one of the parties lives there; a traffic stop occurred there; an apartment was rented there, etc.
-
If you are unsure of the name of the city or county where the court is located, but know generally where it is, this map showing how Virginia's cities and counties are divided into Judicial Circuits and Districts may be helpful: https://www.vacourts.gov/courts/maps/home.html.
Step 3. Select your court and then by location with the drop-down.
OR
Individual locations for each court can be accessed via a drop-down tool under each type of court https://www.vacourts.gov/courts/home.html.
- Prev
- Next",/home/alex/va_courts_website/selfhelp.vacourts.gov/node/4/find-your-court.html
Landlord - Tenant | Virginia Judicial System Court Self-Help,https://selfhelp.vacourts.gov/selfhelp.vacourts.gov/node/10/landlord-tenant.html,"Landlord - Tenant
Housing cases, such as eviction (also called unlawful detainer), are heard in the General District Court. There are some resources you may find helpful, whether you are a landlord or a tenant.
This is a very technical area of law with strict deadlines.
A little legal advice goes a long way, especially if a subsidized housing interest, such as a Section 8 Voucher, is involved. Be sure to visit Find a Lawyer and check with your local court for local resources.
The ""Housing Law"" section of VA Law Help 2 Go website offers three videos discussing:
Virginia Housing shares information on Renter Rights and Responsibilities, the Housing Choice Voucher Program, and other ways to be a successful renter.
Additional information about this topic is located at these websites:
- VALegalAid.Org - Housing
- Virgina Department of Housing and Community Development - several housing issues covered
- Virginia Rent Relief Program
- Housing Opportunities Made Equal - a partner in the VA Rent Relief Program
- Virginia Residential Landlord and Tenant Act Handbook
Where can I find court forms for landlord and tenant actions?
Visit the Landlord and Tenant Forms page.
This listing of forms includes an online link to a self-help tool at the Virginia Legal Aid website. It fills out a form for tenants to have a landlord fix serious damage to the rental unit or home.
What is expungement?
Expungement is a process by which a record, or portion of a record, is officially erased or removed. If a judgment is entered in favor of the defendant in an eviction, or if it is dismissed or ""non-suited"", the defendant may petition the court for expungement.
How do you expunge an eviction?
Court evictions are also known as unlawful detainers. To file a petition expunging an unlawful detainer, one of the following must have occurred:
- The action is dismissed and 30 days have passed, or
- A voluntary nonsuit is taken and six-months have passed.
If you qualify, you can petition the court to expunge the unlawful detainer using a simple court form found here. A petition for expungement of unlawful detainer should include:
- The underlying case number.
- The city or county General District Court.
- Your name.
- The date the dismissal or nonsuit was entered.
- The name of the plaintiff in the unlawful detainer action.
- The address of the property that was the subject of the unlawful detainer action.
- Your mailing address.
After July 1, 2024, qualifying unlawful detainers will be automatically expunged, but you can still use this information to expunge unlawful detainers that occurred before July 1, 2024.",/home/alex/va_courts_website/selfhelp.vacourts.gov/node/10/landlord-tenant.html
District Court Forms | Virginia Judicial System Court Self-Help,https://selfhelp.vacourts.gov/selfhelp.vacourts.gov/node/52/district-court-forms.html,"District Court Forms
Where can I find court approved forms?
The Virginia Judicial System has a number of forms for each court available on the court's form page. You can also access forms by entering the form number or a keyword in the search box on the court's form page, which is located in the upper right hand corner of each page above the navigation column.
District Court
General
Motion to Set Aside Default Judgment (Form #DC-434)
- https://www.vacourts.gov/forms/district/dc434.pdf
- Instructions: https://www.vacourts.gov/forms/district/dc434inst.pdf
Summons to Answer Interrogatories (Form # DC-440)
- https://www.vacourts.gov/forms/district/dc440.pdf
- Instructions: https://www.vacourts.gov/forms/district/dc440inst.pdf
Bill of Particulars (Form # DC-441)
- https://www.vacourts.gov/forms/district/dc441.pdf
- Instructions: https://www.vacourts.gov/forms/district/dc441inst.pdf
Grounds of Defense (Form #DC-442)
- https://www.vacourts.gov/forms/district/dc442.pdf
- Instructions: https://www.vacourts.gov/forms/district/dc442inst.pdf
Itemized List of Damages (Form # DC-443)
- https://www.vacourts.gov/forms/district/dc443.pdf
- Instructions: https://www.vacourts.gov/forms/district/dc443inst.pdf
Attachment Petition (Form #DC-445)
- https://www.vacourts.gov/forms/district/dc445.pdf
- Instructions: https://www.vacourts.gov/forms/district/dc445inst.pdf
Affidavit-Default Judgment Service Members Civil Relief Act (Form # DC-418)
- https://www.vacourts.gov/forms/district/dc418.pdf
- Instructions: https://www.vacourts.gov/forms/district/dc418inst.pdf
Claims for Money
Warrant in Debt—Small Claims Division (Form # DC-402)
- https://www.vacourts.gov/forms/district/dc402.pdf
- Instructions: https://www.vacourts.gov/forms/district/dc402inst.pdf
Warrant in Debt (Form # DC-412)
- https://www.vacourts.gov/forms/district/dc412.pdf
- Instructions: https://www.vacourts.gov/forms/district/dc412inst.pdf
Claims for Property
Warrant in Detinue—Small Claims Division (Form # DC-404)
- https://www.vacourts.gov/forms/district/dc404.pdf
- Instructions: https://www.vacourts.gov/forms/district/dc404inst.pdf
Warrant in Detinue (Civil Claim for Specific Personal Property) (Form # DC-414)
- https://www.vacourts.gov/forms/district/dc414.pdf
- Instructions: https://www.vacourts.gov/forms/district/dc414inst.pdf
Detinue Seizure Petition (Form # DC-415)
- https://www.vacourts.gov/forms/district/dc415.pdf
- https://www.vacourts.gov/forms/district/dc415inst.pdf
Petition and Order for Sale of Property (Form # DC-479)
- https://www.vacourts.gov/forms/district/dc479.pdf
- Instructions: https://www.vacourts.gov/forms/district/dc479inst.pdf
Motion and Order for Release of Vehicle (Form # DC-499)
- https://www.vacourts.gov/forms/district/dc499.pdf
- https://www.vacourts.gov/forms/district/dc499inst.pdf
Service & Notice
Affidavit and Petition for Order of Publication (Form # DC- 435)
- https://www.vacourts.gov/forms/district/dc435.pdf
- Instructions: https://www.vacourts.gov/forms/district/dc435inst.pdf
Notice of Change of Address (Form # DC-437)
- https://www.vacourts.gov/forms/district/dc437.pdf
- Instructions: https://www.vacourts.gov/forms/district/dc437inst.pdf
Affidavit for Service of Process on the Secretary of the Commonwealth (Form # DC-410)
- https://www.vacourts.gov/forms/district/dc410.pdf
- Instructions: https://www.vacourts.gov/forms/district/dc410inst.pdf
Service Other Than By a Virginia Sheriff (Form # DC-411)
- https://www.vacourts.gov/forms/district/dc411.pdf
- Instructions: https://www.vacourts.gov/forms/district/dc411inst.pdf
Certificate of Mailing Posted Service (Form # DC-413)
- https://www.vacourts.gov/forms/district/dc413.pdf
- Instructions: https://www.vacourts.gov/forms/district/dc413inst.pdf
Judgment Debtor / Creditor
Request for Hearing—Exemption Claim (Form # DC-407)
- https://www.vacourts.gov/forms/district/dc407.pdf
- Instructions: https://www.vacourts.gov/forms/district/dc407inst.pdf
Plaintiff’s Bond for Levy or Seizure (Form # DC-447)
- https://www.vacourts.gov/forms/district/dc447.pdf
- Instructions: https://www.vacourts.gov/forms/district/dc447inst.pdf
Defendant’s Bond for Levey or Seizure (Form # DC- 448)
- https://www.vacourts.gov/forms/district/dc448.pdf
- Instructions: https://www.vacourts.gov/forms/district/dc448inst.pdf
Civil Appeal Bond (Form # DC-460)
- https://www.vacourts.gov/forms/district/dc460.pdf
- Instructions: https://www.vacourts.gov/forms/district/dc460inst.pdf
Plaintiff’s Bond-Lien of Mechanic for Repairs (Form # DC-462)
- https://www.vacourts.gov/forms/district/dc462.pdf
- Instructions: https://www.vacourts.gov/forms/district/dc462inst.pdf
Affidavit Concerning Dependent Children and Household Income (Form # DC-449)
- https://www.vacourts.gov/forms/district/dc449.pdf
- Instructions: https://www.vacourts.gov/forms/district/dc449inst.pdf
Suggestion for Summons in Garnishment (Form # DC-450) (Judgment Creditor)
- https://www.vacourts.gov/forms/district/dc450.pdf
- Instructions: https://www.vacourts.gov/forms/district/dc450inst.pdf
Garnishment Summons (Form # DC-451) (Judgment Creditor)
- https://www.vacourts.gov/forms/district/dc451.pdf
- Instructions: https://www.vacourts.gov/forms/district/dc451inst.pdf
Notice of Satisfaction Form (Form # DC-458) (Judgment Creditor)
- https://www.vacourts.gov/forms/district/dc458.pdf
- Instructions: https://www.vacourts.gov/forms/district/dc458inst.pdf
Motion for Judgment to Be Marked Satisfied (Form # DC-459) (Judgment Creditor)
- https://www.vacourts.gov/forms/district/dc459.pdf
- Instructions: https://www.vacourts.gov/forms/district/dc459inst.pdf
Notice to Judgment Debtor- How to Claim Exemptions for Garnishment (Form # DC-454)
- https://www.vacourts.gov/forms/district/dc454.pdf
- Instructions: https://www.vacourts.gov/forms/district/dc454inst.pdf
Garnishee Information Sheet (Form # DC-455) (Judgment Debtor)
- https://www.vacourts.gov/forms/district/dc455.pdf
- Instructions: https://www.vacourts.gov/forms/district/dc455inst.pdf
Garnishee’s Answer (Form # DC-456) (Judgment Debtor)
- https://www.vacourts.gov/forms/district/dc456.pdf
- Instructions: https://www.vacourts.gov/forms/district/dc456inst.pdf
Forthcoming Bond (Form # DC-470) (Judgment Debtor)
- https://www.vacourts.gov/forms/district/dc470.pdf
- Instructions: https://www.vacourts.gov/forms/district/dc470inst.pdf
Miscellaneous
Request for Writ of Eviction in Unlawful Detainer Proceedings (Form # DC-469)
- https://www.vacourts.gov/forms/district/dc469.pdf
- Instructions: https://www.vacourts.gov/forms/district/dc469inst.pdf
Petition to Test for Blood-Borne Pathogens (Form # DC-405)
- https://www.vacourts.gov/forms/district/dc405.pdf
- Instructions: https://www.vacourts.gov/forms/district/dc405inst.pdf
Petition to Require Blood Test (Form # DC-406)
- https://www.vacourts.gov/forms/district/dc406.pdf
- Instructions: https://www.vacourts.gov/forms/district/dc406inst.pdf",/home/alex/va_courts_website/selfhelp.vacourts.gov/node/52/district-court-forms.html
"""What to Do When You Can't Afford an Attorney"" | Virginia Judicial System Court Self-Help",https://selfhelp.vacourts.gov/selfhelp.vacourts.gov/node/31/what-do-when-you-cant-afford-attorney.html,"""What to Do When You Can't Afford an Attorney""
The Virginia State Bar Special Committee on Access to Legal Services is pleased to offer access to a recording of the free public information webinar ""What to Do When You Can't Afford an Attorney"" held on November 29, 2016. (One must register in order to view the recording.) The program covered a variety of free and low cost options for legal assistance, including Legal Aid, Nonprofit Legal Service Organizations, Virginia.freelegalanswers.org and more.
A copy of the slides for this webinar is available here:",/home/alex/va_courts_website/selfhelp.vacourts.gov/node/31/what-do-when-you-cant-afford-attorney.html
Circuit Court - Forms for Civil Actions | Virginia Judicial System Court Self-Help,https://selfhelp.vacourts.gov/selfhelp.vacourts.gov/node/47/circuit-court-forms-civil-actions.html,"Circuit Court - Forms for Civil Actions
Where can I find court approved forms?
The Virginia Judicial System has a number of forms for each court available on the court's form page. You can also access forms by entering the form number or a keyword in the search box on the court's form page, which is located in the upper right hand corner of each page above the navigation column.
Circuit Court
General
Cover Sheet for Filing All Civil Actions (Form # CC-1416)
- https://www.vacourts.gov/forms/circuit/cc1416.pdf
- Instructions: https://www.vacourts.gov/forms/circuit/cc1416inst.pdf
Notice of Commencement of Action and Request for Waiver of Service of Process (Form # CC-1433)
- https://www.vacourts.gov/forms/circuit/cc1433.pdf
- Instructions: https://www.vacourts.gov/forms/circuit/cc1433inst.pdf
Fees
Petition for Proceeding in Civil Case Without Payment of Fees or Costs (Form # CC-1414)
- https://www.vacourts.gov/forms/circuit/cc1414.pdf
- Instructions: https://www.vacourts.gov/forms/circuit/cc1414inst.pdf
Enforcement
Motion for Civil Show Cause Summons or Capias (Form # CC-1458)
Judgment Lien Docket—Subsequent Entries (Form # CC-1462)
- https://www.vacourts.gov/forms/circuit/cc1462.pdf
- Instructions: https://www.vacourts.gov/forms/circuit/cc1462inst.pdf
Authorization for Release of Judgment Lien (Form # CC-1463)
- https://www.vacourts.gov/forms/circuit/cc1463.pdf
- Instructions: https://www.vacourts.gov/forms/circuit/cc1463inst.pdf
Suggestion for Summons in Garnishment (Form # CC-1485)
- https://www.vacourts.gov/forms/circuit/cc1485.pdf
- Instructions: https://www.vacourts.gov/forms/circuit/cc1485inst.pdf
Service
Acceptance of Service of Process and Waiver of Future Service and Notice (Form # CC-1406)
- https://www.vacourts.gov/forms/circuit/cc1406.pdf
- Instructions: https://www.vacourts.gov/forms/circuit/cc1406inst.pdf
Service Other Than by Virginia Sheriff (Form # CC-1407)
- https://www.vacourts.gov/forms/circuit/cc1407.pdf
- Instructions: https://www.vacourts.gov/forms/circuit/cc1407inst.pdf
Affidavit for Service of Process on the Secretary of the Commonwealth (Form # CC-1418)
- https://www.vacourts.gov/forms/circuit/cc1418.pdf
- Instructions: https://www.vacourts.gov/forms/circuit/cc1418inst.pdf
Property (Debt)
Certificate of Partial Satisfaction (Form # CC-1501)
- https://www.vacourts.gov/forms/circuit/cc1501.pdf
- Instructions: https://www.vacourts.gov/forms/circuit/cc1501inst.pdf
Certificate and Affidavit of Satisfaction (Form # CC-1505)
- https://www.vacourts.gov/forms/circuit/cc1505.pdf
- Instructions: https://www.vacourts.gov/forms/circuit/cc1505inst.pdf
Certificate of Release of Memorandum of LIS Pendens/ Attachment (Form # CC-1510)
Memorandum for Mechanic’s Lien Claimed By General Contractor Under Virginia Code §43-5 (Form # CC-1512)
- https://www.vacourts.gov/forms/circuit/cc1512.pdf
- Instructions: https://www.vacourts.gov/forms/circuit/cc1512inst.pdf
Memorandum for Mechanic’s Lien Claimed By Subcontractor Under Virginia Code §43-7 (Form # CC-1513)
- https://www.vacourts.gov/forms/circuit/cc1513.pdf
- Instructions: https://www.vacourts.gov/forms/circuit/cc1513inst.pdf
Memorandum for Mechanic’s Lien Claimed By Subcontractor Under Virginia Code §43-9 (Form # CC-1514)
- https://www.vacourts.gov/forms/circuit/cc1514.pdf
- Instructions: https://www.vacourts.gov/forms/circuit/cc1514inst.pdf
Certificate of Release of Mechanics Lien (Form # CC-1515)
- https://www.vacourts.gov/forms/circuit/cc1515.pdf
- Instructions: https://www.vacourts.gov/forms/circuit/cc1515inst.pdf
Certificate of Transfer (Form # CC-1520)
Certificate of Extension by Deed of Trust (Form # CC-1525)
Miscellaneous
Affidavit Regarding Manufactured Home (Form # CC-1560)
Virginia Land Records Cover Sheet (Form # CC-1570)
Confession of Judgment/Certification of Clerk (Form # CC-1420)",/home/alex/va_courts_website/selfhelp.vacourts.gov/node/47/circuit-court-forms-civil-actions.html
Statewide Senior Legal Helpline | Virginia Judicial System Court Self-Help,https://selfhelp.vacourts.gov/selfhelp.vacourts.gov/node/33/statewide-senior-legal-helpline.html,"Statewide Senior Legal Helpline
The Virginia Poverty Law Center is proud to announce the Statewide Senior Legal Helpline is live and running!
(844) 802-5910
This is a toll-free line offering legal assistance and advice for Virginians aged 60 or over. Topics covered by the Senior Legal Helpline include:
- Long term care issues
- Public benefits, such as Medicaid and SSI
- Guardianship and guardianship alternatives
- Age discrimination
- Financial exploitation
- Abuse and neglect
- Some limited consumer issues
The Senior Legal Helpline is made possible through a contract between Virginia Poverty Law Center and the Virginia Department for Aging and Rehabilitative Services. Funding for this contract comes from the Administration on Community Living Grant's Model Approaches to Statewide Legal Assistance Systems.",/home/alex/va_courts_website/selfhelp.vacourts.gov/node/33/statewide-senior-legal-helpline.html
Probate in Virginia | Virginia Judicial System Court Self-Help,https://selfhelp.vacourts.gov/selfhelp.vacourts.gov/node/20/probate-virginia.html,"Probate in Virginia
What is Probate?
Probate is a court process to transfer property owned by a person who dies to the persons or creditors who are supposed to receive the property.
Which court handles the Probate process?
Where can I find out more about the Probate process?
The following resources are made accessible through the Virginia Court Clerks’ Association and the Virginia Bar Association.
Where can I find Probate forms?
Visit the Probate Forms page for more information.
Last updated on .
Links",/home/alex/va_courts_website/selfhelp.vacourts.gov/node/20/probate-virginia.html
Cell Phone & Electronic Device Policy | Virginia Judicial System Court Self-Help,https://selfhelp.vacourts.gov/selfhelp.vacourts.gov/node/30/cell-phone-electronic-device-policy.html,"23 Apr 2025
Guide to Virginia Legal Information Resources (2025)
An updated Guide to Virginia Legal Information Resources has been released…
Continue Reading10 Apr 2025
Access to Justice Listening Tour for Greater Richmond
The Access to Justice Commission of the Supreme Court of Virginia Invites…
Continue Reading",/home/alex/va_courts_website/selfhelp.vacourts.gov/node/30/cell-phone-electronic-device-policy.html
A Guide to Self-Representation in the Court of Appeals of Virginia | Virginia Judicial System Court Self-Help,https://selfhelp.vacourts.gov/selfhelp.vacourts.gov/node/76/guide-self-representation-court-appeals-virginia.html,"A Guide to Self-Representation in the Court of Appeals of Virginia
The Court of Appeals has issued a Self-Represented Litigant Guide to assist litigants who do not have an attorney to represent them in their appeals. In most civil cases, in particular, litigants who cannot afford an attorney do not have a right to appointed counsel and many represent themselves. The Self-Represented Litigant Guide includes information about each stage of an appeal and contains links to relevant rules and forms.
“This is an important resource and another step forward in the Court’s continuing efforts to ensure access to justice,” said Chief Judge Marla Graff Decker.
This new guide is available on the Court of Appeals’ website at the following URL: https://www.vacourts.gov/courts/cav/home, and hard copies are available in the Clerk’s Office and the Virginia State Law Library. While the guide contains helpful information, it may not be cited as an authority before the Court of Appeals. The Rules of the Supreme Court of Virginia remain the authoritative source of information and rules concerning the appellate process in Virginia.
The Court of Appeals of Virginia was established January 1, 1985. It is an intermediate appellate court created to increase the appellate capacity of the court system and expedite appellate review. The Court of Appeals has authority to hear appeals as a matter of right from most final judgments, orders, or decrees of a circuit court.
Media Contact: Alisa W. Padden, Director of Legislative and Public Relations, Office of the Executive Secretary, Supreme Court of Virginia, (804) 786-6455.
The above text is from the Virginia Court of Appeals March 6, 2025 Press Release.",/home/alex/va_courts_website/selfhelp.vacourts.gov/node/76/guide-self-representation-court-appeals-virginia.html
Find a Form | Virginia Judicial System Court Self-Help,https://selfhelp.vacourts.gov/selfhelp.vacourts.gov/node/28/find-form.html,"Find a Form
Where can I find court approved forms?
The Virginia Judicial System has a number of forms for each court available on the court's form page. You can also access forms by entering the form number or a keyword in the search box on the court's form page, which is located in the upper right hand corner of each page above the navigation column.
Are there other forms?
Yes, you may find forms through your local court or legal services program. There is no guarantee that forms from sources other than the court will be accepted by the court. However, if they are provided by a reputable source, it is more likely they will be accepted. Ultimately, the judge has the final say of whether a form is accepted.
Forms by Topic
- Change of Name
- Change of Sex
- Circuit Court - Forms for Civil Actions
- Conservator of the Peace
- Custody, Visitation & Child Support
- Driver's License and Driving Privileges
- Freedom of Information Act (FOIA)
- Guardianship & Conservatorship
- Juvenile
- Landlords - Tenants
- Living Will - Advance Directive
- Medical Emergency
- Mental Health (Adult)
- Mental Health (Juvenile)
- Probate
- Small Claims - District Court
- Voting Rights
- Prev
- Next",/home/alex/va_courts_website/selfhelp.vacourts.gov/node/28/find-form.html
Types of Protective Orders | Virginia Judicial System Court Self-Help,https://selfhelp.vacourts.gov/selfhelp.vacourts.gov/node/21/types-protective-orders.html,"Types of Protective Orders
A Family Abuse Protective Order can be issued when there is an act or threat that results in injury or reasonable fear of injury done by a family or household member. A “family or household member” includes these people:
- Your spouse or your former spouse.
- Your parents, stepparents, children, stepchildren, brothers, sisters, grandparents, and grandchildren.
- If they live in your home, your father-in-law, mother-in-law, brother-in-law, sister-inlaw, son-in-law, or daughter-in-law. However if you and your partner are unmarried, your ""in-laws"" would be covered under the Non-Family Abuse Protective Order.
- The other parent of your child.
- Anyone who lives in your home in a partner relationship.
- Anyone who has lived in your home in the last year in a partner relationship.
A Non-Family Abuse Protective Order can be issued when there is an act or threat that results in injury or reasonable fear of injury done by anyone else. This includes, but is not limited to, victims of dating violence, sexual assault and stalking, no matter if there is any relationship between the victim and the abuser. This also includes the so-called ""in-laws"" of unmarried couples.",/home/alex/va_courts_website/selfhelp.vacourts.gov/node/21/types-protective-orders.html
General Information for Individuals with Disabilities | Virginia Judicial System Court Self-Help,https://selfhelp.vacourts.gov/selfhelp.vacourts.gov/node/25/general-information-individuals-disabilities.html,"General Information for Individuals with Disabilities
Virginia Judicial System
In accordance with the Americans with Disabilities Act, Virginia’s Judicial System has adopted a policy of non-discrimination in access to its facilities, services, programs, and activities. Individuals with disabilities who need accommodation in order to have access to court facilities or to participate in Judicial System functions are invited to request assistance from court staff. Individuals who need printed material published by the Judicial System in another format or who have general questions about the Judicial System’s non-discrimination policies and procedures may contact the ADA Coordinator, Department of Human Resources, Office of the Executive Secretary, Supreme Court of Virginia, 100 North Ninth Street, Third Floor, Richmond, Virginia 23219, (804) 786-6455. Detailed information on this policy is available on Virginia’s Judicial System Web site, https://www.vacourts.gov/courts/ada/home. Individuals with disabilities who believe they have been discriminated against may file a complaint in accordance with the Judicial System’s ADA Grievance Procedure, which is available from the ADA Coordinator and on Virginia’s Judicial System Web site. Virginia’s Judicial System does not discriminate on the basis of disability in hiring or employment practices.
disAbility Law Center of Virginia
The mission of the disAbility Law Center of Virginia is to advance independence, choice and self-determination; protect legal, human and civil rights; and eliminate abuse, neglect and discrimination of people with disabilities through zealous and uncompromising legal advocacy and representation. They do this through education, training, the promotion of self-advocacy skills for people with disabilities, and through information and referral services. The Center also provides direct advocacy services in particular cases that fall within their Strategic Goals and Focus Areas.",/home/alex/va_courts_website/selfhelp.vacourts.gov/node/25/general-information-individuals-disabilities.html
Page has moved,https://selfhelp.vacourts.gov/selfhelp.vacourts.gov/node/5/,Click here...,/home/alex/va_courts_website/selfhelp.vacourts.gov/node/5/index.html
Find a Lawyer | Virginia Judicial System Court Self-Help,https://selfhelp.vacourts.gov/selfhelp.vacourts.gov/node/5/find-lawyer.html,"Find a Lawyer
Who is a Lawyer?
A lawyer, also called an attorney, is someone who is licensed to practice law. Only a lawyer licensed to practice law in Virginia can provide you legal advice about a legal issue in Virginia.
How do I find a lawyer?
The Virginia State Bar, the organization that licenses attorneys, offers information for the public, as well as a Lawyer Referral Service, through which you may consult an attorney for a limited time at a reduced fee. The toll-free telephone number is 1-800-552-7977.
Some county bar associations also offer lawyer referral services that can be found through an internet search, your local court or your local law library.
How do I find a free lawyer?
Low-income persons may be eligible for legal assistance in civil matters through their local legal aid office. Visit https://www.valegalaid.org/find-legal-help for more information or you can call 1-866-LEGLAID (1-866-534-5243) to reach your local legal aid office.
The disAbility Law Center of Virginia helps people with disabilities obtain services and treatment for disability-related problems like abuse, neglect, and discrimination. Individuals with problems covered by the Center's Program Goals, may receive advocacy services and/or legal representation. Visit https://www.dlcv.org/get-help or call 804-225-2042 or 800-552-3962 for more information.
In November 2016, the Virginia State Bar Special Committee on Access to Legal Services sponsored a free public information webinar titled “What to Do When You Can’t Afford an Attorney” (there is no charge to access the recording; however, you must register before you can view it).
The Virginia State Bar's Access Committee also offers a guide to Free and Low Cost Legal Resources in Virginia.
In criminal cases, persons charged with criminal offenses that carry jail time may be eligible for a public defender or court appointed lawyer, if they cannot afford a lawyer.
Who else can help me?
Other people may give you information, but ONLY a lawyer licensed in Virginia can give you legal advice, file documents for you, or represent you in court.
Court Staff
Your local court must be neutral and impartial. Court staff cannot give you advice, but they can give you legal information, such as instructions about procedure, and forms. Learn more about what courts can and cannot do.
Mediators
People often find a mediator to be very helpful in resolving their matter, but a mediator is a neutral person, often a non-lawyer, and cannot give you legal advice. Only a lawyer licensed to practice law in Virginia can give you legal advice. It is entirely appropriate to get some legal advice from an attorney while working with a mediator. Visit our Find a Mediator page to learn more.
Notarios
Notarios are not lawyers, cannot give you legal advice, and cannot represent you in court. See the Virginia State Bar for more information about notarios and immigration fraud.
Friends
Friends who are not lawyers cannot give you legal advice. Friends cannot represent you in court. Friends can give you moral support and may be a good source of professional referrals, but they are not allowed to help you in the courtroom.
REMEMBER: Only a lawyer can represent you in court.",/home/alex/va_courts_website/selfhelp.vacourts.gov/node/5/find-lawyer.html
Juvenile and Domestic Relations District Court | Virginia Judicial System Court Self-Help,https://selfhelp.vacourts.gov/selfhelp.vacourts.gov/node/27/juvenile-and-domestic-relations-district-court.html,"Juvenile and Domestic Relations District Court
About
There is a juvenile and domestic relations district court in each Virginia city and county. In Virginia, a juvenile is any person under 18 years of age. The juvenile and domestic relations district court hears all matters involving juveniles such as criminal or traffic matters. Juvenile delinquency cases are for a minor under the age of 18 who has been accused of committing an offense that would be considered criminal if committed by an adult. Other juvenile offenses may be referred to as status offenses. Status offenses are those acts that are unlawful only because they are committed by a minor.
In addition, this court handles other matters involving the family such as custody, support and visitation. The court also hears family abuse cases, cases where adults have been accused of child abuse or neglect, and criminal cases where the defendant and alleged victim are family or household members. See the Juvenile and Domestic Relations District Courts Informational Pamphlet for more information.
Contact Information
-
Individual Juvenile and Domestic Relations District Courts Homepages
- Map of Virginia's Judicial Circuits and Districts
Forms
Programs
Resources and Reference Materials
- Code of Virginia
- Commonwealth of Virginia Agency Websites
- Comprehensive Services Act for At-Risk Youth and Families (CSA)
- Court-Appointed Special Advocate Program (CASA)
- Department of Juvenile Justice (DJJ)
- Department of Social Services (DSS)
- Indigent Defense Commission
- Locate Certified Court-Appointed Counsel (click the box by ""Juvenile"" to restrict the search)
- Prev
- Next",/home/alex/va_courts_website/selfhelp.vacourts.gov/node/27/juvenile-and-domestic-relations-district-court.html
Family Abuse Protective Order - Information Checklist | Virginia Judicial System Court Self-Help,https://selfhelp.vacourts.gov/selfhelp.vacourts.gov/node/63/family-abuse-protective-order-information-checklist.html,"Family Abuse Protective Order - Information Checklist
Information to include:
1. Information about you
a. Date of birth
b. Address
c. Phone numbers
d. Motor vehicle description
2. Information about the person you are seeking protection from
a. Date of birth
b. Address
c. Phone numbers
d. Place of employment
e. Work address
f. Work phone number
g. Physical description
h. Social Security number
i. Motor vehicle description and license plate number
j. Places the person goes often
3. Information about each child you have in common with the person you want protection from
a. Date of birth
b. Addresses of where the child has lived for the last five years
c. Current addresses of anyone the child has lived with during the last five years
d. Information about prior custody or visitation hearings
4. Information about your family or household members you want to be protected
a. Race
b. Date of birth
c. Current address
What You Need to Know About Protective Orders
What are Protective Orders?
They are legal documents issued by a judge or magistrate to protect the health and safety of a person who is alleged to be a victim of any act involving violence, force or threat that results in bodily injury or places that person in fear of death, sexual assault or bodily injury.
In Virginia, there are 3 kinds of Protective Orders that can protect you and others in your family or home:
- Emergency Protective Order (expires at the end of the third day following issuance or the next day court is in session, whichever is later)
- Preliminary Protective Order (lasts 15 days or until a full hearing)
- Protective Order (may last up to 2 years)
How will I know when the Emergency Protective Order ends?
You should look on the order for the date and time it expires. If you need protection for a longer period of time, you must ask the court for a Preliminary Protective Order.
Where do I go to request a Preliminary Protective Order?
If the person from whom you want protection is a family or household member or a juvenile, or if you are a juvenile, you should go to the Juvenile and Domestic Relations District Court. If your situation doesn't include any of these people, you should go to the General District Court.
How do I get a Preliminary Protective Order?
You must fill out court forms. If this matter will be in the Juvenile and Domestic Relations District Court, you file the forms with the Court Services Unit. If it will be in the General District Court, you file the forms in the General District Court Clerk’s Office.
You then may go into a courtroom where a judge may ask you questions to decide whether to give you a Preliminary Protective Order.
How much does it cost to file for a Protective Order?
There is no cost.
What should I bring with me?
You should bring the name, address and identifying information of the person from whom you are seeking protection and a full description of the event that led you to seek a protective order.
The address should be a street address where the person can be found and not a P.O. box.
You should also bring your copy of the Emergency Protective Order and information about the warrant or petition alleging an act of violence, force or threat, if either was issued.
How long should I expect to spend at court?
You should allow at least two hours to complete your paperwork and file it with the court.
How long does a Preliminary Protective Order last?
If the judge gives you a Preliminary Protective Order, it will last 15 days or until the full hearing. The full hearing is when both you and the other person get to present evidence before the court. The judge will tell you when the full hearing is, and it will be written on the Preliminary Protective Order.
What if I do not go to the full hearing?
If you do not go to the full hearing, the Preliminary Protective Order ends on the date of the hearing.
What if I believe the other person is not coming to the hearing?
You should go to court on that day anyway and ask the court for a Protective Order.
When does the Protective Order take effect?
A Protective Order is not effective until the person is “personally served.” To be served, a law enforcement officer or court official must give the Protective Order to the person from whom you want protection.
You should give law enforcement information about how to find the person. (Address, phone number, place of work, photograph, etc.)
How will I know if the person against whom the order was issued has been served?
You can call law enforcement and ask if the person has been served.
What if the person against whom the order was issued does not obey the order?
You should tell law enforcement. The person can be arrested and criminal charges filed.
What if the person comes to my house or work place?
You should call law enforcement and tell them you have a Protective Order against the person.
What if I need to change part of the Protective Order?
You must fill out and file forms with the court.
What is a “no contact” provision in a Protective Order?
No contact means the other person cannot contact you directly or indirectly except as authorized by the court.
What if I must sometimes contact the other person?
At the hearing, you should tell the judge there are times when you may need to contact the other person.
If I go to another state, will my Protective Order be valid in that state?
Federal law requires all states to enforce protective orders issued by other states. You should contact the nearest court in that state for more information.
This information is provided as general information only and is not legal advice.
To make a safety plan, call:
Virginia Family Violence and Sexual Assault Hotline
1-800-838-8238 (v/tty)
For additional information on how court works, call:
Virginia Department of Criminal Justice Services, Crime Victim Assistance INFO-LINE
1-888-887-3418
For legal help, call:
Legal Aid Hotline
1-866-LEGLAID (1-866-534-5243)
Virginia Poverty Law Center (Family & Sexual Violence) 1-800-868-8752
Virginia State Bar Lawyer Referral Service 1-800-552-7977
You may also hire an attorney to represent you.",/home/alex/va_courts_website/selfhelp.vacourts.gov/node/63/family-abuse-protective-order-information-checklist.html
Probate Forms | Virginia Judicial System Court Self-Help,https://selfhelp.vacourts.gov/selfhelp.vacourts.gov/node/37/probate-forms.html,"Probate Forms
Where can I find court approved forms?
The Virginia Judicial System has a number of forms for each court available on the court's form page. You can also access forms by entering the form number or a keyword in the search box on the court's form page, which is located in the upper right hand corner of each page above the navigation column.
Circuit Court Forms
Information Forms
Probate Information Form (Form # CC-1650)
- https://www.vacourts.gov/forms/circuit/cc1650.pdf
- Instructions: https://www.vacourts.gov/forms/circuit/cc1650inst.pdf
Probate Tax Return (Form # CC-1651)
- https://www.vacourts.gov/forms/circuit/cc1651.pdf
- Instructions: https://www.vacourts.gov/forms/circuit/cc1651inst.pdf
Incapacitated Adult Information Form (Form # CC-1652)
- https://www.vacourts.gov/forms/circuit/cc1652.pdf
- Instructions: https://www.vacourts.gov/forms/circuit/cc1652inst.pdf
Guardian of Minor Information Form (Form # CC-1653)
- https://www.vacourts.gov/forms/circuit/cc1653.pdf
- Instructions: https://www.vacourts.gov/forms/circuit/cc1653inst.pdf
Trust Information Form (Form # CC-1654)
- https://www.vacourts.gov/forms/circuit/cc1654.pdf
- Instructions https://www.vacourts.gov/forms/circuit/cc1654inst.pdf
General
Addendum to Petition for Appointment of Guardian or Conservator- Under Seal (Form # CC-1642)
Report of Guardian for an Incapacitated Person Probate Tax Return (Form # CC-1644)
- https://www.vacourts.gov/forms/circuit/cc1644.pdf
- Instructions: https://www.vacourts.gov/forms/circuit/cc1644inst.pdf
List of Heirs (Form # CC-1611)
- https://www.vacourts.gov/forms/circuit/cc1611.pdf
- Instructions: https://www.vacourts.gov/forms/circuit/cc1611inst.pdf
Certificate of Creditor or Person Other Than a Distributee (Form # CC-1609)
- https://www.vacourts.gov/forms/circuit/cc1609.pdf
- Instructions: https://www.vacourts.gov/forms/circuit/cc1609inst.pdf
Consent of Nonresident Fiduciary for Service of Process (Form # CC-1610)
- https://www.vacourts.gov/forms/circuit/cc1610.pdf
- Instructions: https://www.vacourts.gov/forms/circuit/cc1610inst.pdf
Real Estate Affidavit (Form # CC-1612)
- https://www.vacourts.gov/forms/circuit/cc1612.pdf
- Instructions: https://www.vacourts.gov/forms/circuit/cc1612inst.pdf
Notice Regarding Estate (Form # CC-1616)
- https://www.vacourts.gov/forms/circuit/cc1616.pdf
- Instructions: https://www.vacourts.gov/forms/circuit/cc1616inst.pdf
Affidavit of Notice Regarding Estate of (Form # CC-1617)
- https://www.vacourts.gov/forms/circuit/cc1617.pdf
- Instructions: https://www.vacourts.gov/forms/circuit/cc1617inst.pdf
Waiver of Notice of Probate or Qualification (Form # CC-1618)
- https://www.vacourts.gov/forms/circuit/cc1618.pdf
- Instructions: https://www.vacourts.gov/forms/circuit/cc1618inst.pdf
Power of Attorney for New or Additional Bond (Form # CC-1619)
Petition for Amendment of a Death Certificate (Form # CC-1453)
Inventory
Inventory for Decedent’s Estate (Form # CC-1670)
- https://www.vacourts.gov/forms/circuit/cc1670.pdf
- Instructions: https://www.vacourts.gov/forms/circuit/cc1670inst.pdf
Inventory for Incapacitated Adult (Form # CC-1671)
- https://www.vacourts.gov/forms/circuit/cc1671.pdf
- Instructions: https://www.vacourts.gov/forms/circuit/cc1671inst.pdf
Inventory for Estate of Minor (Form # CC-1672)
- https://www.vacourts.gov/forms/circuit/cc1672.pdf
- Instructions: https://www.vacourts.gov/forms/circuit/cc1672inst.pdf
Inventory for Trust (Form # CC-1673)
- https://www.vacourts.gov/forms/circuit/cc1673.pdf
- Instructions: https://www.vacourts.gov/forms/circuit/cc1673inst.pdf
Accounting
Account for Decedent’s Estate (Form # CC-1680)
- https://www.vacourts.gov/forms/circuit/cc1680.pdf
- Instructions & Sample: https://www.vacourts.gov/forms/circuit/cc1680inst.pdf
Statement in Lieu of Settlement of Account for Decedent’s Estate Pursuant to Va. Code §64.2-1314 (Form # CC-1681)
- https://www.vacourts.gov/forms/circuit/cc1681.pdf
- Instructions: https://www.vacourts.gov/forms/circuit/cc1681inst.pdf
Account for Incapacitated Adult (Form # CC-1682)
- https://www.vacourts.gov/forms/circuit/cc1682.pdf
- Instructions & Sample: https://www.vacourts.gov/forms/circuit/cc1682inst.pdf
Account for Minor (Form # CC-1683)
- https://www.vacourts.gov/forms/circuit/cc1683.pdf
- Instructions & Sample: https://www.vacourts.gov/forms/circuit/cc1683inst.pdf
Account for Trust (Form # CC-1684)
- https://www.vacourts.gov/forms/circuit/cc1684.pdf
- Instructions & Sample: https://www.vacourts.gov/forms/circuit/cc1684inst.pdf
Wills
Deposition of Witness to Will Without Self-Proving Clause (Form # CC-1601)
- https://www.vacourts.gov/forms/circuit/cc1601.pdf
- Instructions: https://www.vacourts.gov/forms/circuit/cc1601inst.pdf
Deposition of Witness to Prove Holographic Will (Form # CC-1602)
- https://www.vacourts.gov/forms/circuit/cc1602.pdf
- Instructions: https://www.vacourts.gov/forms/circuit/cc1602inst.pdf
Deposition of Witness to Prove Signatures of Deceased Attesting Witnesses and of the Testator (Form # CC-1603)
- https://www.vacourts.gov/forms/circuit/cc1603.pdf
- Instructions: https://www.vacourts.gov/forms/circuit/cc1603inst.pdf
Proof of Holographic Will and Proof of Will of Person in Military Service (Form # CC-1604)
- https://www.vacourts.gov/forms/circuit/cc1604.pdf
- Instructions: https://www.vacourts.gov/forms/circuit/cc1604inst.pdf
Waiver of Qualification (Form # CC-1608)
- https://www.vacourts.gov/forms/circuit/cc1608.pdf
- Instructions: https://www.vacourts.gov/forms/circuit/cc1608inst.pdf",/home/alex/va_courts_website/selfhelp.vacourts.gov/node/37/probate-forms.html
Page has moved,https://selfhelp.vacourts.gov/selfhelp.vacourts.gov/node/29/,Click here...,/home/alex/va_courts_website/selfhelp.vacourts.gov/node/29/index.html
Screenshots of Court Forms Page | Virginia Judicial System Court Self-Help,https://selfhelp.vacourts.gov/selfhelp.vacourts.gov/node/29/screenshots-court-forms-page.html,"23 Apr 2025
Guide to Virginia Legal Information Resources (2025)
An updated Guide to Virginia Legal Information Resources has been released…
Continue Reading10 Apr 2025
Access to Justice Listening Tour for Greater Richmond
The Access to Justice Commission of the Supreme Court of Virginia Invites…
Continue Reading",/home/alex/va_courts_website/selfhelp.vacourts.gov/node/29/screenshots-court-forms-page.html
Civil Legal Response to COVID-19 in Virginia | Virginia Judicial System Court Self-Help,https://selfhelp.vacourts.gov/selfhelp.vacourts.gov/node/57/civil-legal-response-covid-19-virginia.html,"Civil Legal Response to COVID-19 in Virginia
During the COVID-19 crisis, Legal Aid programs are available to provide assistance and legal information on housing, public benefits and other issues which can be found here.
To reach your local Legal Aid office please contact 1-866-LEGLAID (1-866-534-5243) or visit https://www.valegalaid.org/covid-19-civil-legal-resources-and-information
Last updated on .",/home/alex/va_courts_website/selfhelp.vacourts.gov/node/57/civil-legal-response-covid-19-virginia.html
Access to Justice Listening Tour for Greater Richmond | Virginia Judicial System Court Self-Help,https://selfhelp.vacourts.gov/selfhelp.vacourts.gov/node/77/access-justice-listening-tour-greater-richmond.html,"Access to Justice Listening Tour for Greater Richmond
The Access to Justice Commission of the Supreme Court of Virginia
Invites you to a
Public Hearing on Legal Services and Access to Justice in Greater Richmond
We want to hear about your experiences and frustrations:
- Has it been difficult to find legal help for yourself, your family or your business?
- What happened when you couldn’t find legal help when you needed it?
- Have you had challenges using and appearing in Virginia courts?
- Have you required translation help with legal matters?
- What are your experiences with the forms required for legal assistance and lawsuits?
- Do you have ideas for how to make legal help more available in your community?
Come share your experiences with us in person
Richmond Public Library, Main Library Activity Room
101 E. Franklin Street
Richmond, VA 3219
Thursday, April 10, 5 – 7 pm
Free pizza and light refreshments will be served.
This is an informal event. Contact information is provided in the flyer below.",/home/alex/va_courts_website/selfhelp.vacourts.gov/node/77/access-justice-listening-tour-greater-richmond.html
Change of Name Forms | Virginia Judicial System Court Self-Help,https://selfhelp.vacourts.gov/selfhelp.vacourts.gov/node/42/change-name-forms.html,"Change of Name Forms
Where can I find court approved forms?
The Virginia Judicial System has a number of forms for each court available on the court's form page. You can also access forms by entering the form number or a keyword in the search box on the court's form page, which is located in the upper right hand corner of each page above the navigation column.
Circuit Court
Application for Change of Name- Adult (Form #CC-1411)
- https://www.vacourts.gov/forms/circuit/cc1411.pdf
- Instructions: https://www.vacourts.gov/forms/circuit/cc1411inst.pdf
Application for Change of Name-Minor (Form #CC-1427)
Last updated on .",/home/alex/va_courts_website/selfhelp.vacourts.gov/node/42/change-name-forms.html
Supreme Court of Virginia Declares Judicial Emergency | Virginia Judicial System Court Self-Help,https://selfhelp.vacourts.gov/selfhelp.vacourts.gov/node/56/supreme-court-virginia-declares-judicial-emergency.html,"Supreme Court of Virginia Declares Judicial Emergency
On March 16, 2020 the Supreme Court of Virginia issued an order declaring a judicial emergency for all district and circuit courts of the Commonwealth to protect the health and safety of court employees, litigants, judges, and the general public.
Changes to Virginia Circuit and District court operations in response to COVID-19 can be found here.
Last updated on .",/home/alex/va_courts_website/selfhelp.vacourts.gov/node/56/supreme-court-virginia-declares-judicial-emergency.html
New publication - Options in Virginia to Help Another Person Make Decisions | Virginia Judicial System Court Self-Help,https://selfhelp.vacourts.gov/selfhelp.vacourts.gov/node/60/new-publication-options-virginia-help-another-person-make-decisions.html,"New publication - Options in Virginia to Help Another Person Make Decisions
This short publication from Virginia WINGS (Working Interdisciplinary Networks of Guardianship Stakeholders) covers ""Choices less restrictive than Guardianship and Conservatorship.""
It outlines health/personal and financial decision-making options, with a list of additional resources.
Access it here - http://vacourts.gov/courts/circuit/resources/guardian_options_pamphlet.pdf
Last updated on .",/home/alex/va_courts_website/selfhelp.vacourts.gov/node/60/new-publication-options-virginia-help-another-person-make-decisions.html
FAQs | Virginia Judicial System Court Self-Help,https://selfhelp.vacourts.gov/selfhelp.vacourts.gov/node/18/faqs.html,"FAQs
Frequently Asked Questions
These frequently asked questions and their answers are from the ""Frequently Asked Questions"" that appear on the Virginia Judiciary website.
A. General Information
1. What kind of information is available on Virginia’s Judicial System website?
The sitemap displays the information by topic that is available within Virginia’s Judicial System website.
2. Where can I learn more about Virginia courts?
The Virginia’s Court System page contains information on all courts in Virginia. This may include the court's schedule, policies, or directions to the courthouse.
3. Where can I find answers to questions about the federal court system or a case filed in a federal court?
Several federal resources are located on the Federal Links section of the State Law Library page. Questions about a particular case in the federal judiciary should be directed to the court in which the case was or will be heard.
B. Information About Cases
1. Where can I get general information about how different types of cases are processed in Virginia?
The Topics page of the Virginia Judicial System Court Self-Help website provides general information about select case types.
The General District Court Manual and the Juvenile and Domestic Relations District Court Manual include detailed information on case procedures for both criminal and civil cases. For information on circuit court cases, there is a manual for civil case procedures and one for criminal cases.
2. Where can I get information about a specific case that was filed in Virginia?
The Case Status and Information page contains links to online case systems that allow you to search in all the general district courts and most circuit courts. If you know where the case was or will be heard, you can search by the plaintiff or defendant's name, the case number, or date of hearing. Statewide criminal case searches based on the case number or name of the defendant can be performed also.
For additional information about a particular case, contact the clerk's office for the court where the case is filed. Virginia's Courts System page contains links to information on all courts in Virginia.
C. Assistance with Legal Issues
1. Where can I do my own research about the law?
A number of sources for legal information are available in the Legal Links section of the State Law Library page. You can also link to Virginia Codes, Rules and Statutes and the listing of Virginia Public Law Libraries, which provides contact information for local public law libraries in Virginia.
AALL, the American Association of Law Libraries, has an online legal information resource. It covers U.S. states, the District of Columbia, U.S. territories, U.S. Federal government, and Canada. It includes session laws, codes, registers, and court opinions.
Online Legal Information Resources - AALL (aallnet.org)
2. If I want to look up a statute, where can I access the Code of Virginia?
The Code of Virginia is available on the Virginia General Assembly's Legislative Information System website. This electronic version does not provide cross-references to cases and law review articles, as does the official print version of the Code of Virginia, VIRGINIA CODE ANNOTATED. The annotated Code is available at Virginia Public Law Libraries and may be at other public libraries in Virginia.
3. If I need legal advice, where can I find a lawyer?
The Virginia State Bar offers a Lawyer Referral Service, that allows you to have an initial consultation with an attorney for a reduced fee. The toll-free telephone number is 1-800- 552-7977. Information about free and low-cost civil litigation services in Virginia is available at the Virginia Legal Aid website. Their website includes information to help determine if a person qualifies for legal assistance based on where they live and their income. The Virginia State Bar also offers this publication for low- and modest-income Virginians: Free and Low Cost Legal Resources.
4. Where can I find court forms on Virginia’s Judicial System Web site?
Links to most forms and instructions are available on the Forms page. Only those forms that can be submitted to the court by a member of the public may be completed online and printed for submission to the court.
5. What should I do if I have found the court form I need on Virginia’s Judicial System Web site, but I am unable to access the form?
Forms are available as Adobe Acrobat PDF documents. The Adobe Reader (free from Adobe) allows you to view, complete and print PDF documents. If you have problems with a form, please review the troubleshooting information in Adobe's support knowledgebase.
Some forms listed are completed by the court or court personnel and are for “court use only.”
- If you are unable to locate or access a Virginia court form that is available to the public, contact the Webmaster.
- If the form is not available to the public, contact the clerk's office for the court in which your case will be heard. The Virginia’s Court System page contains information on all courts in Virginia.
6. Where can I find a complete listing of court forms on Virginia’s Judicial System website?
7. If I want to file a court case, where can I get information or assistance?
A number of resources are available for information on filing a civil case in Virginia, including:
- The clerk's office for the court in which you plan to file a case. Virginia's Court System page contains links to information on all courts in Virginia.
- The advice of a lawyer:
- The Virginia State Bar offers the Virginia Lawyer Referral Service, through which you may have an initial consultation with an attorney for a reduced fee. The toll-free number is 1-800-552-7977.
- VALegal Aid has programs in Virginia to provide free and low-cost legal assistance in civil cases to qualifying low-income individuals. Their website provides information about their services and information to help determine if a person qualifies for legal assistance based on where they live and their income.
8. If I cannot be present on the date scheduled, how can I get a new date for my case?
Contact the clerk's office for the court in which your case is filed for more information about the possibility of changing your court date. Each court sets its own policy on the rescheduling of court hearings, known as a ""continuance"". Virginia's Court System page contains links to information on all courts in Virginia.
D. Traffic Cases
1. How can I pay my ticket without going to court?
If the summons you received indicates the offense is “prepayable,” you may follow the instructions on the summons to pay your ticket without going to court. You may abe able to pay the ticket online. Links to online payment systems are on the How to Pay Traffic Tickets and Other Offenses page. How soon you may use this option depends upon when the local court enters information regarding your case into the state database. Note: Most courts enter traffic ticket information within 10 business days.
2. How can I verify that my online payment of a “prepayable” ticket has been accepted?
You can check the Virginia Judiciary Online Case Information system to locate your case online and verify the status using the ""Case Details"" screen. Payments made before 3:30 pm will be appear in the system on the following business day, or within two (2) business days if payment was made on a Friday. If your case is shown as still not paid on the ""Case Details"" screen, you can call the clerk of the local court to confirm receipt of payment.
3. If I have lost my traffic ticket, what should I do?
- Contact the law enforcement agency that issued the citation:
- Look for your case with a name search on the Statewide Online Case Information System
4. Where can I get information about my Virginia driver’s license (operator’s permit) or the Virginia driver’s point system?
Virginia Department of Motor Vehicles:
- Records Services: Request a Copy of Your Driver or Vehicle Record
- Driver’s Services: Violations and Points
E. Child Custody, Visitation and Support
1. How do I file a court case for child custody, visitation or support?
- The Custody, Visitation & Support page of the Virginia Judicial System Self-Help website has general information on these topics.
- If there is no existing court order on child custody, visitation or support, a new case may be initiated through the Court Service Unit of a juvenile and domestic relations district court. Contact the local Court Service Unit for information from the Department of Juvenile Justice website.
- If a Virginia court has previously entered an order, or a case is currently pending regarding divorce, child custody, visitation or support, contact the clerk's office of that court directly. Virginia’s Court System page contains links to information on all courts in Virginia.
2. Where can I go for help in getting child support for my minor child?
Contact the Virginia Department of Social Services Division of Child Support Enforcement.
This Topic page of the Virginia Judicial System Self-Help website has general information about custody, visitation, and support.
F. Marriage, Divorce, and Changing a Last Name
1. Where can I find information about a marriage or divorce that has already taken place?
To obtain a copy of a marriage or divorce record, contact the clerk's office for the circuit court where the marriage license was issued, or the divorce was granted. Virginia’s Court System page has information on all courts in Virginia. Records also may be obtained from the Virginia Department of Health's Office of Vital Records or Department of Motor Vehicles locations.
2. Where can I find information or instructions on obtaining a divorce?
There are no official court forms dealing with the process of spousal separation or divorce; however, there are the following resources:
- The Virginia State Bar produced pamphlets about divorce, including :
- The Virginia State Bar offers the Virginia Lawyer Referral Service, through which you may have an initial consultation with an attorney for a reduced fee. The toll-free number is 1-800-552-7977.
- VALegal Aid has a Know Your Rights - Divorce page and programs in Virginia to provide free and low-cost legal assistance in civil cases to qualifying low-income people. The website has information about their services and information to help determine if a person qualifies for legal assistance based on where they live and their income.
- The Divorce Topic page of the Virginia Judicial System Self-Help website has general information about divorce and links to resources that will help in understanding the divorce process.
- You also may contact your local circuit court for more information. Virginia’s Court System page contains links to information on all courts in Virginia.
3. How can I be authorized to perform a marriage ceremony in Virginia?
Petitions for Authorization to Celebrate Rites of Marriage are filed in the circuit court of the locality where the wedding is planned to take place. The Circuit Court Clerks' Manual - Civil has information on these petitions. Virginia’s Court System page has links to information on all courts in Virginia.
4. How can I apply for a name change?
Applications for name change are filed in the circuit court, using the Application for Change of Name (Adult) and its Instructions or the Application for Change of Name (Minor) and its Instructions. The Circuit Clerks Manual – Civil explains the proceedings. For more information, contact the clerk's office of your local circuit court.
G. Probate and Decedents' Estates
Where can I find information about probate and decedents' estates in Virginia?
The Virginia Bar Association produces a Guide to the Administration of Decedents' Estates in Virginia. The Virginia Court Clerks' Association produces a guide titled Probate in Virginia.
The Virginia Judicial System Court Self-Help Probate topic page provides general information about probate and links to resources that will help in understanding the probate process.
For more information, contact your local circuit court. The Virginia’s Court System page has information on all courts in Virginia.
H. Death Certificate
Where can I get a copy of a death certificate?
A death certificate may be obtained from the Virginia Department of Health's Office of Vital Records. Certified copies of Virginia vital records (birth, death, marriage and divorce) also are available for purchase at Virginia Department of Motor Vehicle locations.
I. Search Land Records
Where can I research land records?
Land records are maintained in circuit court clerks' offices and are available for inspection there. Many circuit court clerks provide secure remote access to persons who have completed an application and subscription agreement with the clerk's office. For more information, contact the circuit court clerk of the locality in which you are interested in researching land records.
J. Small Claims Court
How can I pursue a small claims case (involving no more than $5,000) in a Virginia court?
Information on small claims case procedures is available at the following links:
- Small Claims Court Procedures Pamphlet
- General District Court Civil forms used in small claims cases
- The Virginia Judicial System Court Self-Help website has a Small Claims topic page.
- For further information, contact the clerk's office of your local general district court.
K. Criminal Records
1. How can I access public criminal court case records?
The Case Status and Information page contains links to online case information systems in which you can search for criminal cases in all general district courts and most circuit courts. If you know the locality in which the case was or will be heard, you can search by the defendant's name, the case number or date of the hearing Statewide searches by defendant or case number are possible. Felony cases are tried in circuit courts in Virginia. For further information about a particular criminal case, contact the clerk's office for the court where the case is filed. Virginia’s Court System page contains links to information on all courts in Virginia.
2. Where can I find information on filing for expungement of my criminal conviction?
Information on expungement may be found in the Records Retention and Destruction section of the District Court Manual. Complete the Petition or Motion for Expungement form and check the Instructions.
Information on expungement cases that are filed in the circuit court is available in the Circuit Court Clerks' Manual - Criminal. Complete the Petition for Expungement form and check the Instructions. The Circuit Court Clerks' Manual - Civil covers these proceedings.
3. Where can I find information about a criminal records check?
Criminal history records information is available to only certain persons, businesses and entities. The Virginia State Police maintains the Virginia Criminal Records Exchange, which is the sole repository for criminal records in Virginia.
L. Concealed Handgun Permits
How can I get a concealed handgun permit?
Information is available on the Resident Concealed Handgun Permit page of the Virginia State Police website. More information about concealed handgun permits can be found in the Circuit Court Clerks' Manual - Civil.
M. Restoration of Civil Rights
How can I get my civil rights restored?
The restoration of civil rights is handled through the Secretary of the Commonwealth, who hosts a webpage describing the process.
The Code of Virginia has a chapter on Restoration of Civil Rights.
Circuit courts in Virginia have a role in the restoration of voting rights to people convicted of certain felonies. The court process is described in Chapter 6 of the Circuit Court Clerks' Manual – Civil. The following forms are applicable to this process:
- Information About Petitioning a Circuit Court for Approval of the Right to Register to Vote
- Petition for Approval of the Right to be Eligible to Register to Vote
N. Appealing a Case
What can I do if I disagree with a court decision?
A party who disagrees with a court decision may, under certain circumstances and within certain time limits, appeal to a higher court. Basic information on appeals is available in several Court Informational pamphlets found under the For Citizens tab. Contact the clerk's office for the court in which your case was decided for additional information. The Virginia’s Courts System page contains links to information on all courts in Virginia.
O. Misconduct
1. What can I do if I am concerned about possible judicial misconduct by the judge in my case?
The Judicial Inquiry and Review Commission investigates charges of judicial misconduct or serious mental or physical disability that interfere with a judge's duties. The Commission investigates complaints against judges only, not lawyers, magistrates, or other court personnel. The Commission may not investigate matters of judicial discretion, such as the rulings and decisions of the judge, and cannot change any judicial decision or finding. The Commission does not interfere with pending cases, unless there is a complaint of delay.
2. What can I do if I am concerned about possible misconduct by a magistrate?
If you have concerns about the conduct of a magistrate and wish to file a complaint, you may submit a written complaint to the Department of Magistrate Services in the Office of the Executive Secretary of the Supreme Court of Virginia. The procedures for filing a complaint against a magistrate are available on the Magistrate Services page of Virginia's Judicial System website.
3. What can I do if I am concerned about possible misconduct on the part of my lawyer?
The Virginia State Bar regulates the legal profession in Virginia and receives complaints about lawyers’ conduct. If you are concerned about your lawyer’s conduct, the Virginia State Bar website has information about how you may file a complaint. You also may contact the Virginia State Bar at 804-775-0570. Callers outside the 804 area code may dial toll free 1-866-548-0873.",/home/alex/va_courts_website/selfhelp.vacourts.gov/node/18/faqs.html
Landlord - Tenant Forms | Virginia Judicial System Court Self-Help,https://selfhelp.vacourts.gov/selfhelp.vacourts.gov/node/48/landlord-tenant-forms.html,"Landlord - Tenant Forms
Where can I find court approved forms?
The Virginia Judicial System has a number of forms for each court available on the court's form page. You can also access forms by entering the form number or a keyword in the search box on the court's form page, which is located in the upper right hand corner of each page above the navigation column.
District Court
Motion and Order for Voluntary Nonsuit (Form # DC-419)
- https://www.vacourts.gov/forms/district/dc419.pdf
- Instructions: https://www.vacourts.gov/forms/district/dc419inst.pdf
Motion for Show Cause Summons or Capias (Form # DC-420)
- https://www.vacourts.gov/forms/district/dc420.pdf
- Instructions: https://www.vacourts.gov/forms/district/dc420inst.pdf
Summons for Unlawful Detainer (Civil Claim for Eviction) (Form # DC-421)
- https://www.vacourts.gov/forms/district/dc421.pdf
- Instructions: https://www.vacourts.gov/forms/district/dc421inst.pdf
Notice of Hearing to Establish Final Rent and Damages (Form # DC-422)
- https://www.vacourts.gov/forms/district/dc422.pdf
- Instructions: https://www.vacourts.gov/forms/district/dc422inst.pdf
Distress Petition (Form # DC-423)
- https://www.vacourts.gov/forms/district/dc423.pdf
- Instructions: https://www.vacourts.gov/forms/district/dc423inst.pdf
Petition for Expungement of Unlawful Detainer (Form # DC-425)
- https://www.vacourts.gov/forms/district/dc425.pdf
- Instructions - coming soon
Warrant in Debt-Interpleader (Form # DC-428) (Landlord)
- https://www.vacourts.gov/forms/district/dc428.pdf
- Instructions: https://www.vacourts.gov/forms/district/dc428inst.pdf
Tenant’s Assertion and Complaint (Form # DC-429)
- https://www.vacourts.gov/forms/district/dc429.pdf
- Instructions: https://www.vacourts.gov/forms/district/dc429inst.pdf
This online self-help tool on the Virginia Legal Aid website fills out a form for tenants to have a landlord fix serious damage to the rental unit or home where they live. You can set up a free account to save answers and return to finish later. Print the form when completed to deliver to the court.
Tenant’s Petition for Relief from Unlawful Exclusion (Form # DC-431)
- https://www.vacourts.gov/forms/district/dc431.pdf
- Instructions: https://www.vacourts.gov/forms/district/dc431inst.pdf
Affidavit for Summons in Interpleader (Form # DC-432)",/home/alex/va_courts_website/selfhelp.vacourts.gov/node/48/landlord-tenant-forms.html
Guide to Virginia Legal Information Resources (2025) | Virginia Judicial System Court Self-Help,https://selfhelp.vacourts.gov/selfhelp.vacourts.gov/node/78/guide-virginia-legal-information-resources-2025.html,"Guide to Virginia Legal Information Resources (2025)
An updated Guide to Virginia Legal Information Resources has been released. This document includes a list of legal information resources covering topics as varied as incorporating a business, contesting a traffic ticket, researching health law, obtaining social security, renting a dwelling, buying a house, and writing a will. This list of resources does not constitute legal advice or answers to questions of law. The list identifies resources for public librarians seeking items for their legal collections and independent researchers seeking legal information. The hypertext links will send the reader to a website where the information is located or send the reader to content within WorldCat. WorldCat.org is a free online catalog which allows the reader to browse the collections of thousands of libraries, including Virginia's public libraries. By clicking on one of the links to a WorldCat record, the reader will see a list of libraries that include that legal resource in their collection. From there, one can either directly access online content that is openly available or click on a link for the library nearest them.",/home/alex/va_courts_website/selfhelp.vacourts.gov/node/78/guide-virginia-legal-information-resources-2025.html
Law Libraries | Virginia Judicial System Court Self-Help,https://selfhelp.vacourts.gov/selfhelp.vacourts.gov/node/6/law-libraries.html,"Law Libraries
How can librarians help?
Librarians are available to help individuals with locating and using legal resources, both print and online. They can explain how to use sources of legal information, offer information about a law library near you, give you material for a school assignment, or refer you to a state agency that may provide information on a specific topic. It is unlawful for library staff to complete in-depth legal research for members of the public or provide legal advice. Law librarians are unable to interpret information appearing in legal publications such as Virginia's code or a court case.
How can I find my local law library?
Public law libraries are available in many cities and counties in Virginia.
https://www.vacourts.gov/courtadmin/library/virginia_public_lib.html
Where can I find resources for legal research?
The State Law Library has gathered links to a wide variety of resources that offer online access to Virginia and federal legal information. These sources offer information about Virginia state and local government, Virginia law schools, national judicial organizations and more. The University of Virginia Law Library has produced short videos that explain how to find and use basic sources of legal information, such as the Code of Virginia and Virginia cases.
Guide to Virginia Legal Information Resources (2025)
This document includes a list of legal information resources covering topics as varied as incorporating a business, contesting a traffic ticket, researching health law, obtaining social security, renting a dwelling, buying a house, and writing a will. This list of resources does not constitute legal advice or answers to questions of law. The list identifies resources for public librarians seeking items for their legal collections and independent researchers seeking legal information. The hypertext links will send the reader to a website where the information is located or send the reader to content within WorldCat. WorldCat.org is a free online catalog which allows the reader to browse the collections of thousands of libraries, including Virginia’s public libraries. By clicking on one of the links to a WorldCat record, the reader will see a list of libraries that include that legal resource in their collection. From there, one can either directly access online content that is openly available or click on a link for the library nearest them.
Online Legal Information Resources - AALL (aallnet.org)
AALL, the American Association of Law Libraries, has created an online legal information resource platform. It provides content for U.S. states, the District of Columbia, U.S. territories, U.S. Federal government, and Canada. The content includes session laws, codes, registers, and court opinions.
What is the Virginia State Law Library?
The Virginia State Law Library is a research collection that primarily serves the research needs of the Supreme Court of Virginia, the Court of Appeals of Virginia and the legal community.",/home/alex/va_courts_website/selfhelp.vacourts.gov/node/6/law-libraries.html
Freedom of Information Act Forms | Virginia Judicial System Court Self-Help,https://selfhelp.vacourts.gov/selfhelp.vacourts.gov/node/53/freedom-information-act-forms.html,"Freedom of Information Act Forms
Where can I find court approved forms?
The Virginia Judicial System has a number of forms for each court available on the court's form page. You can also access forms by entering the form number or a keyword in the search box on the court's form page, which is located in the upper right hand corner of each page above the navigation column.
District Court
Petition for Injunction or Mandamus Freedom of Information Act and Affidavit for Good Cause or Protection of Social Security Numbers Act (Form # DC-495)",/home/alex/va_courts_website/selfhelp.vacourts.gov/node/53/freedom-information-act-forms.html
Change of Sex Forms | Virginia Judicial System Court Self-Help,https://selfhelp.vacourts.gov/selfhelp.vacourts.gov/node/44/change-sex-forms.html,"Change of Sex Forms
The Circuit Court Clerks' Manual - Civil was updated in July 2020.
""An application to amend a birth certificate to indicate a change of sex will be filed directly with the Virginia Department of Health for persons born in the Commonwealth.""
Form for changing sex designation -
https://www.vdh.virginia.gov/content/uploads/sites/93/2020/07/VS42_Gender-Designation-Form.pdf
Last updated on .",/home/alex/va_courts_website/selfhelp.vacourts.gov/node/44/change-sex-forms.html
Circuit Court | Virginia Judicial System Court Self-Help,https://selfhelp.vacourts.gov/selfhelp.vacourts.gov/node/3/circuit-court.html,"Circuit Court
About
There is a circuit court in each city and county in Virginia. The circuit court is the trial court with the broadest powers in Virginia. The circuit court handles all civil cases with claims of more than $25,000. It shares authority with the general district court to hear matters involving claims between $4,500 and $25,000. The circuit court has the authority to hear serious criminal cases called felonies.
The circuit court also handles family matters, including divorce. In addition, the circuit court hears cases appealed from the general district court and from the juvenile and domestic relations district court.
Contact Information
- All Circuit Courts
- Individual Circuit Court Homepages
- Map of Virginia’s Judicial Circuits and Districts
Case Status and Information
- Circuit Court Case Information
Online access to the case management system for selected Circuit Courts. Cases may be searched using name, case number, or hearing date. - Fees
- Circuit Court Records Information
Online access to court records such as deeds, marriage licenses, judgments, and wills for selected courts.
Programs
Reference Materials
- Prev
- Next",/home/alex/va_courts_website/selfhelp.vacourts.gov/node/3/circuit-court.html
Online Legal Information Resources | Virginia Judicial System Court Self-Help,https://selfhelp.vacourts.gov/selfhelp.vacourts.gov/node/67/online-legal-information-resources.html,"Online Legal Information Resources
AALL, the American Association of Law Libraries, now offers a new online legal resource, the Online Legal Information Resources (OLIR). The OLIR was developed to provide law librarians, public librarians and members of the public access to free online primary legal materials.
The AALL Advancing Access to Justice Special Committee compiled information for U.S. states, the District of Columbia, U.S. territories, U.S. Federal Government, and Canada. LInks to session laws, statutory codes, registers, administrative regulations and court opinions are included.
This new resource is available here:",/home/alex/va_courts_website/selfhelp.vacourts.gov/node/67/online-legal-information-resources.html
"Custody, Visitation & Child Support Forms | Virginia Judicial System Court Self-Help",https://selfhelp.vacourts.gov/selfhelp.vacourts.gov/node/46/custody-visitation-child-support-forms.html,"Custody, Visitation & Child Support Forms
Where can I find court approved forms?
The Virginia Judicial System has a number of forms for each court available on the court's form page. You can also access forms by entering the form number or a keyword in the search box on the court's form page, which is located in the upper right hand corner of each page above the navigation column.
District Court - Juvenile
General
Request for Confidentiality –Civil (Form # DC-618)
- https://www.vacourts.gov/forms/district/dc618.pdf
- Instructions: https://www.vacourts.gov/forms/district/dc618inst.pdf
Non-Disclosure Addendum (Form # DC-621)
- https://www.vacourts.gov/forms/district/dc621.pdf
- Instructions: https://www.vacourts.gov/forms/district/dc621inst.pdf
Motion to Amend or to Review Order (Form # DC-630)
- https://www.vacourts.gov/forms/district/dc630.pdf
- Instructions: coming soon
Motion to Withdraw Consent to Deferral of Proceedings Pursuant to VA CODE §18.2-57.3(B) (Form # DC-634)
Motion for Show Cause Summons or Capias (Form # DC-635)
- https://www.vacourts.gov/forms/district/dc635.pdf
- Instructions: coming soon
Child Custody / Visitation
Information Considered In Child Custody/ Visitation Proceedings (Form # DC-574)
- https://www.vacourts.gov/forms/district/dc574.pdf
- Instructions: coming soon
Request for Virginia Registration of Child Custody and/or Visitation Determination from Another State (Form # DC-582)
- https://www.vacourts.gov/forms/district/dc582.pdf
- Instructions: https://www.vacourts.gov/forms/district/dc582inst.pdf
Supplement to Petition for Expedited Enforcement Under Virginia Code §20-146.29 of the Uniform Child Custody and Enforcement Act (Form # DC-584)
- https://www.vacourts.gov/forms/district/dc584.pdf
- Instructions: https://www.vacourts.gov/forms/district/dc584inst.pdf
Medical Emergency Custody Petition (Form # DC-491)
- https://www.vacourts.gov/forms/district/dc491.pdf
- Instructions: https://www.vacourts.gov/forms/district/dc491inst.pdf
Child Support
Notice- Administrative Support Decision Appeal (Form # DC-601)
- https://www.vacourts.gov/forms/district/dc601.pdf
- Instructions: https://www.vacourts.gov/forms/district/dc601inst.pdf
Notice of Information Required in Child/Spousal Support Proceedings (Form # DC-603)
- https://www.vacourts.gov/forms/district/dc603.pdf
- Instructions: coming soon
Child Support Guidelines Worksheet (Form # DC-637)
- https://www.vacourts.gov/forms/district/dc637.pdf
- Instructions: coming soon
Child Support Guidelines Worksheet—Split Custody (Form # DC-638)
- https://www.vacourts.gov/forms/district/dc638.pdf
- Instructions: coming soon
Child Support Guidelines Worksheet—Shared Custody (Form # DC-640)
- https://www.vacourts.gov/forms/district/dc640.pdf
- Instructions: coming soon
Fees
Financial Statement for Application to Proceed in Custody/ Visitation Case Without Filing Fees or For Assessment of Guardian ad Litem Costs (Form # DC-606)
- https://www.vacourts.gov/forms/district/dc606.pdf
- Instructions: coming soon
Income Deduction
Respondent’s Request for Income Deduction Order (Form # DC-615)
- https://www.vacourts.gov/forms/district/dc615.pdf
- Instructions: https://www.vacourts.gov/forms/district/dc615inst.pdf
Motion and Notice of Proposed Income Deduction Order for Support (Form # DC-617)
- https://www.vacourts.gov/forms/district/dc617.pdf
- Instructions: coming soon
Parentage
Motion for Genetic Testing (Form # DC-623)
- https://www.vacourts.gov/forms/district/dc623.pdf
- Instructions: https://www.vacourts.gov/forms/district/dc623inst.pdf
Out of State
Affidavit (Uniform Child Custody Jurisdiction and Enforcement Act) (Form # DC-620)
- https://www.vacourts.gov/forms/district/dc620.pdf
- Instructions: https://www.vacourts.gov/forms/district/dc620inst.pdf
Request for Virginia Registration of Non-Virginia Support Order (Form # DC-685)
- https://www.vacourts.gov/forms/district/dc685.pdf
- Instructions: https://www.vacourts.gov/forms/district/dc685inst.pdf
Miscellaneous
Performance Bond (Form # DC-660)
- https://www.vacourts.gov/forms/district/dc660.pdf
- Instructions: https://www.vacourts.gov/forms/district/dc660inst.pdf
Filing of Foreign Protective Order (Form # DC-684)",/home/alex/va_courts_website/selfhelp.vacourts.gov/node/46/custody-visitation-child-support-forms.html
Guide to Virginia Legal Information Resources (2023) | Virginia Judicial System Court Self-Help,https://selfhelp.vacourts.gov/selfhelp.vacourts.gov/node/69/guide-virginia-legal-information-resources-2023.html,"Guide to Virginia Legal Information Resources (2023)
This document includes a list of legal information resources covering topics as varied as incorporating a business, contesting a traffic ticket, researching health law, obtaining social security, renting a dwelling, buying a house, and writing a will. This list of resources does not constitute legal advice or answers to questions of law. The list identifies resources for public librarians seeking items for their legal collections and independent researchers seeking legal information. The hypertext links will send the reader to a website where the information is located or send the reader to content within WorldCat. WorldCat.org is a free online catalog which allows the reader to browse the collections of thousands of libraries, including Virginia’s public libraries. By clicking on one of the links to a WorldCat record, the reader will see a list of libraries that include that legal resource in their collection. From there, one can either directly access online content that is openly available or click on a link for the library nearest them.
It is posted here - https://www.vacourts.gov/courtadmin/library/virginia_legal_information_resources.pdf",/home/alex/va_courts_website/selfhelp.vacourts.gov/node/69/guide-virginia-legal-information-resources-2023.html
Guardianship & Conservatorship Forms | Virginia Judicial System Court Self-Help,https://selfhelp.vacourts.gov/selfhelp.vacourts.gov/node/49/guardianship-conservatorship-forms.html,"Guardianship & Conservatorship Forms
Where can I find court approved forms?
The Virginia Judicial System has a number of forms for each court available on the court's form page. You can also access forms by entering the form number or a keyword in the search box on the court's form page, which is located in the upper right hand corner of each page above the navigation column.
District Court
Petition for Court Approval of Standby Guardian (Form # DC-503)
Notice of Revocation/ Statement of Refusal – Standby Guardian (Form # DC-506)
- https://www.vacourts.gov/forms/district/dc506.pdf
- Instructions: https://www.vacourts.gov/forms/district/dc506inst.pdf
Circuit Court
Incapacitated Adult Information Form (Form # CC-1652)
- https://www.vacourts.gov/forms/circuit/cc1652.pdf
- Instructions: https://www.vacourts.gov/forms/circuit/cc1652inst.pdf
Guardian of Minor Information Form (Form # CC-1653)
- https://www.vacourts.gov/forms/circuit/cc1653.pdf
- Instructions: https://www.vacourts.gov/forms/circuit/cc1653inst.pdf
Addendum to Petition for Appointment of Guardian or Conservator- Under Seal (Form # CC-1642)
Report of Guardian for an Incapacitated Person (Form # CC-1644)",/home/alex/va_courts_website/selfhelp.vacourts.gov/node/49/guardianship-conservatorship-forms.html
Protective Orders | Virginia Judicial System Court Self-Help,https://selfhelp.vacourts.gov/selfhelp.vacourts.gov/node/12/protective-orders.html,"Protective Orders
About Protective Orders
In Virginia, there are two kinds of Protective Orders:
1) Family Abuse Protective Order, which is heard in the Juvenile and Domestic Relations Court
2) Non-Family Abuse Protective Order, which is heard in the General District Court
Your local court is likely to have more resources and information, including guidelines for the hearings. The Pulaski Juvenile and Domestic Relations District Court offers videos at the bottom of the page about protective orders in Virginia. Be sure to check with your local court for details before proceeding.
The booklet Understanding Protective Orders in Richmond, VA may also help you understand more about the process and what you need to bring to court. The Spanish version of this booklet is here: Entendiendo Las Órdenes de Protección en Richmond, VA.
Safety & Community Resources
Sexual & Domestic Violence Agencies serve most communities in Virginia. They are available 24 hours a day, and can offer many services to help and support you or someone you are worried about. If you are unsure which agency would best help you, call the Virginia Family Violence & Sexual Assault Hotline at 1.800.838.8238.
Legal Resources
Legal information and legal advice are very important in abuse cases, and you are strongly urged to contact a lawyer.
Court Forms for Protective Orders
I-CAN!™ Virginia
There is a free court approved online program called I-CAN!™ Virginia that will help you fill out the forms you need to file with the court for both kinds of Protective Order. I-CAN!™ Virginia will also print instructions that tell you what to do with your forms, and how the court process works. This program can be accessed in English and Spanish.
A list of information you will need before you complete the form is here:
In English - Family Abuse Protective Order - Information Checklist
In Spanish - Lista de Informacion para I-CAN Orden de Proteccion (Espanol)
Hope Card Program
The Hope Card Program is a free court approved online program. A Hope Card is a durable, plastic, wallet-sized card that summarizes a protective order's most important details in an easy-to-read format.
The Hope Card contains information such as :
- identifying characteristics of the person ordered to ""stay away""
- issue and expiration dates of the order
- terms of the order, including possession of residence, etc.
- other protected parties
Download an application at https://hopecard.vacourts.gov.
Completed applications are turned in to the clerk of the court where the final protective order was issued. A Hope Card does NOT replace the existing protective order.
Hope Cards are not issued for emergency protective orders, preliminary protective orders, or "" no contact"" orders in a criminal case.",/home/alex/va_courts_website/selfhelp.vacourts.gov/node/12/protective-orders.html
How We Can Help You | Virginia Judicial System Court Self-Help,https://selfhelp.vacourts.gov/selfhelp.vacourts.gov/node/15/how-we-can-help-you.html,"How We Can Help You
Court employees and librarians must be neutral and impartial, and can give legal information. Only a lawyer representing you can give you legal advice.
We can:
- Provide you with the number of a local lawyer referral service, legal services program or other service where you can get legal help.
- Give you information about law libraries and online resources.
- Explain and answer questions about how the court works.
- Give you general information about court rules, procedures and practices.
- Provide you with available court forms and instructions.
- Provide court schedules and information on how to get a case scheduled.
- Provide you information from your case file.
- Answer some basic questions about court deadlines and how they are determined.
- Provide additional assistance in some circumstances to aid you if you have special needs.
- Provide information, brochures and contact information about mediation and ADR programs in your court.
- Assist you in your own language.
We cannot:
- Tell you whether or not you should bring your case to court.
- Tell you what words to use in your papers. We can, however, check your papers for completeness before you file them.
- Tell you what to say in court.
- Give you an opinion about what will happen if you bring your case to court.
- Talk to the judge for you.
- Let you talk to the judge outside of court.
- Change an order signed by a judge.
- Give you information about a judge’s decision until the judge makes that decision public.
- Give you information that we would be unable or unwilling to give to the other side in your case.
- Interpret court documents or tell you what you “should” do.
Last updated on .",/home/alex/va_courts_website/selfhelp.vacourts.gov/node/15/how-we-can-help-you.html
Filing Fees & Waivers | Virginia Judicial System Court Self-Help,https://selfhelp.vacourts.gov/selfhelp.vacourts.gov/node/14/filing-fees-waivers.html,"Filing Fees & Waivers
Filing Fees & Waivers
There is not one uniform filing fee. Fees depend on case type and location. See Find a Court to learn more about which types of cases are filed where. Please read the detailed information provided for each type of court.
Circuit Court Fees
General District Court Fees
What to Do If You Cannot Afford Fees
If you are low income, you can use this form to ask the court for a fee waiver so you don't have to pay a filing fee https://www.vacourts.gov/forms/circuit/cc1414.pdf. This request must be approved by the judge. Ask your local court about its procedures for processing this form. If you do not qualify for a fee waiver, you will need to pay the necessary court fees.
There is an online self-help tool on the Virginia Legal Aid website that asks a series of questions about you and your situation. Read carefully so you know what documentation is needed before getting started. After you complete all the questions, the tool will automatically create your form, which you then print and take to the court. You can create a free account if you want to save answers and finish later.",/home/alex/va_courts_website/selfhelp.vacourts.gov/node/14/filing-fees-waivers.html
How to Apply for Your Birth Certificate as an Adult in Virginia | Virginia Judicial System Court Self-Help,https://selfhelp.vacourts.gov/selfhelp.vacourts.gov/node/65/how-apply-your-birth-certificate-adult-virginia.html,"How to Apply for Your Birth Certificate as an Adult in Virginia
Blue Ridge Legal Services has created a guide to assist an adult residing in Virginia who is trying to get a copy of their own birth certificate.
https://www.vsb.org/docs/Obtaining_adult_birth_cert.pdf
The guide lists the steps to obtain a copy of a birth certificate if the person was born in Virginia. It includes links to locations where one can apply for their birth certificate and links to local legal aid offices who may be able to assist.
For individuals not born in Virginia, the guide includes links to other states' information about how to get a copy of a birth certificate.",/home/alex/va_courts_website/selfhelp.vacourts.gov/node/65/how-apply-your-birth-certificate-adult-virginia.html
Pay Your Traffic Ticket Online | Virginia Judicial System Court Self-Help,https://selfhelp.vacourts.gov/selfhelp.vacourts.gov/node/34/pay-your-traffic-ticket-online.html,"Pay Your Traffic Ticket Online
Can I pay my ticket online without going to court?
Only if the offense is “prepayable” and the court accepts online payments.
If the summons you received indicates that the offense is “prepayable,” you may follow the instructions with the summons to pay your ticket without going to court. How soon you may use this prepayment option depends upon when the local court enters information regarding your case into the state database. Note: Most courts enter traffic ticket information within 10 business days.
If you ""prepay,"" you will be found guilty and points may be added to your license. See the DMV for more information about how a ticket impacts your license.
If you pay online or in person with a credit/debit card, there is a 4% convenience fee assessed per transaction.
Contact the court in the locality where your case is pending for further information if:
- the court where your case is pending does not accept prepayments online, or
- the offense with which you are charged is not “prepayable,” or
- the local court has not entered information about your case into the state database
How do I pay online?
Before you follow the links and pay your ticket online, you may find it helpful to preview sample payment slides.
Once you are at the payment website and are ready to begin the payment process, you will need to select two things from the left hand column to find the court record for your ticket:
- The local court (as listed on your summons) from the drop-down menu in the left column.
- Use the name search, and enter your name EXACTLY as the officer wrote it on the Summons -- even if that means not spelling your name correctly.
While your e-mail address is not required, if entered, a receipt will be e-mailed to you. Be sure to print the final screen as a record of proof of payment. It can take up to two business days for a payment to be reflected in the online records.
Pay online through the Virginia District Court Online Case Information System
What if I lost my summons?
If you have lost your summons, you can call the local court in the area you were stopped. See this map of Virginia if you are unsure of the name of the county. Or you can contact the law enforcement agency that issued the citation, which will be either the Virginia State Police or a local law enforcement agency.",/home/alex/va_courts_website/selfhelp.vacourts.gov/node/34/pay-your-traffic-ticket-online.html
Living Will - Advance Directive | Virginia Judicial System Court Self-Help,https://selfhelp.vacourts.gov/selfhelp.vacourts.gov/node/55/living-will-advance-directive.html,"Living Will - Advance Directive
All adults in Virginia have a right to prepare a document to put their medical care wishes in writing.
An Advance Directive lets other people know the types of medical care you do and do not want if you are unable to express your wishes on your own.
Many people call these instructions a “living will.”
Virginia created a free online advance directive registry at ConnectVirginia that allows Virginia residents to store important healthcare documents securely.",/home/alex/va_courts_website/selfhelp.vacourts.gov/node/55/living-will-advance-directive.html
Domestic Violence | Virginia Judicial System Court Self-Help,https://selfhelp.vacourts.gov/selfhelp.vacourts.gov/node/73/domestic-violence.html,"Domestic Violence
What is domestic violence?
Domestic violence is referred to as ""family abuse"" in Virginia law. ""Family abuse"" means any act involving violence, force, or threat including any forceful detention, which results in physical injury or places one in reasonable apprehension of serious bodily injury and which is committed by a person against such a person's family or household member.
Who is considered a ""family or household member""?
A ""family or household member"" is not limited to just spouses or those sharing a home. It includes:
- Spouse, regardless of residence,
- Ex-spouse, regardless of residence,
- Parents, stepparents, children, stepchildren, brothers sisters, half-brothers, half-sisters, grandparents, and grandchildren, regardless of residence,
- In-laws who live in the same home,
- Persons who have a child in common regardless of residence,
- Co-habitants, and
- Those who have cohabited in the past year and their children.
Is family abuse or domestic violence a civil or criminal matter?
Cases of family abuse or domestic violence may be in court for a civil matter or criminal matter.
- Civil cases include those when a party is seeking a Protective Order ordering another person to stop certain actions.
- Criminal family abuse includes cases of domestic assault and battery when the perpetrator of the violence may be jailed or ordered to comply with various conditions if the defendant is found guilty.
What is a ""protective order""?
Protective orders are legal documents issued by a judge or magistrate to protect the health and safety of a person who is alleged to be a victim of any act involving violence, force or threat that results in bodily injury or places that person in fear of death, sexual assault or bodily injury. More information can be found on the Protective Orders page of the Self-Help website.
Domestic Violence Programs and Services
See the Virginia Judiciary webpage on Domestic Violence Programs and Services for additional resources and information about programs. Programs include the I-CAN Virginia Program (Assistance with Protective Orders) and the Hope Card Program.
A Hope Card is a laminated card, similar in size and shape to a credit card, that contains all the essential information about a civil protective order in a durable, easy-to-read format. It does NOT replace the existing protective order. Hope Cards are available only to holders of a final civil protective order issued in participating Virginia localities. As of July 1, 2022, all district and circuit courts in the Commonwealth of Virginia.
I-CAN! Virginia is a free online program that provides assistance with the preparation of court forms required to file for a protective order. I-CAN! Virginia is also available in Spanish. I-CAN! Virginia brochures, posters, and business cards are available by calling the Department of Judicial Services at (804) 786-6455.",/home/alex/va_courts_website/selfhelp.vacourts.gov/node/73/domestic-violence.html
Find a Case | Virginia Judicial System Court Self-Help,https://selfhelp.vacourts.gov/selfhelp.vacourts.gov/node/23/find-case.html,"Find a Case
Information about civil and criminal cases in the General District Court and the Circuit Court is available online by selecting an individual court location using one of the below links. To protect confidentiality, no case information is available online for cases in the Juvenile and Domestic Relations Court.
Visit our Find a Court page to learn more about which types of cases are heard where.
Circuit Court On-Line Case Search
NOTE: There is no statewide search option for circuit court cases in Virginia. Many circuit courts in Virgnia either do not use an online case information system or use a different online system. For these courts, one should navigate to the specific local government Clerk of Circuit Court website for more information, including address and telephone number.
General District Court On-Line Case Search",/home/alex/va_courts_website/selfhelp.vacourts.gov/node/23/find-case.html
Mental Health (Adult) Forms | Virginia Judicial System Court Self-Help,https://selfhelp.vacourts.gov/selfhelp.vacourts.gov/node/40/mental-health-adult-forms.html,"Mental Health (Adult) Forms
Where can I find court approved forms?
The Virginia Judicial System has a number of forms for each court available on the court's form page. You can also access forms by entering the form number or a keyword in the search box on the court's form page, which is located in the upper right hand corner of each page above the navigation column.
District Court
General
Petition for Involuntary Admission for Treatment (Form # DC-4001)
- https://www.vacourts.gov/forms/district/dc4001.pdf
- Instructions: https://www.vacourts.gov/forms/district/dc4001inst.pdf
Petition for Review of Mandatory Outpatient Treatment (Form # DC-4005)
- https://www.vacourts.gov/forms/district/dc4005.pdf
- Instructions: https://www.vacourts.gov/forms/district/dc4005inst.pdf
Petition for Rescission of Mandatory Outpatient Treatment (Form # DC-4010)
- https://www.vacourts.gov/forms/district/dc4010.pdf
- Instructions: https://www.vacourts.gov/forms/district/dc4010inst.pdf
Petition to Continue Mandatory Outpatient Treatment (Form # DC-4015)
- https://www.vacourts.gov/forms/district/dc4015.pdf
- Instructions: https://www.vacourts.gov/forms/district/dc477inst.pdf
Petition for Judicial Certification of Eligibility for Admission (Form # DC-477)
- https://www.vacourts.gov/forms/district/dc477.pdf
- Instructions : https://www.vacourts.gov/forms/district/dc477inst.pdf
Copies, Records, and Access of Information
Application for Copy of Recording of Commitment Hearing (Form # DC-4029)
- https://www.vacourts.gov/forms/district/dc4029.pdf
- Instructions: https://www.vacourts.gov/forms/district/dc4029inst.pdf
Waiver of Confidentiality of Court Records—Commitment for Mental Health Treatment (Form # DC-4032)
Petition for Access to Dispositional Order (Form # DC-4035)
- https://www.vacourts.gov/forms/district/dc4035.pdf
- Instructions: https://www.vacourts.gov/forms/district/dc4035inst.pdf
Alternative Facility of Temporary Detention
Notice of Alternative Facility of Temporary Detention (Form # DC-4044)
- https://www.vacourts.gov/forms/district/dc4044.pdf
- Instructions: https://www.vacourts.gov/forms/district/dc4044inst.pdf
Order for Transportation to Alternative Facility of Temporary Detentions (Form # DC-4046)
- https://www.vacourts.gov/forms/district/dc4046.pdf
- Instructions: https://www.vacourts.gov/forms/district/dc4046inst.pdf
Emergency Custody
Explanation of Emergency Custody Procedures (Form # DC-4050)
- https://www.vacourts.gov/forms/district/dc4050.pdf
- Instructions: https://www.vacourts.gov/forms/district/dc4050inst.pdf
Firearm Rights
Petition to Restore Right to Purchase, Possess or Transport a Firearm (Form # DC-4040)",/home/alex/va_courts_website/selfhelp.vacourts.gov/node/40/mental-health-adult-forms.html
Small Claims | Virginia Judicial System Court Self-Help,https://selfhelp.vacourts.gov/selfhelp.vacourts.gov/node/11/small-claims.html,"Small Claims
Small Claims
The small claims division of a district court has the power to hear civil cases in which a party (the plaintiff) is seeking a money amount up to $5,000. This court also hears cases where the plaintiff is seeking return of personal property valued up to $5,000. In Virginia, these cases are heard in the General District Court.
Trials in the small claims division of a General District Court are conducted in an informal manner. Each party must represent themselves. Witnesses are put under oath, and the judge can admit all relevant evidence without applying the formalities that apply to other courts. The purpose of trials in the small claims division is for the court to be able to decide the rights of the parties fairly and quickly.
Preparing To File Suit
Finding the Defendant’s Correct Name and Address
Before filing suit, the plaintiff must know the defendant’s current street address. If the defendant is an individual and the home street address cannot be found, a work street address may be good enough. A home address is better. If you only have the street address for place where the defendant works, the civil warrant must be served on the defendant in person, which can sometimes be hard to do.
Giving the court as complete a street address as possible will improve your chances of successful service of the papers on the defendant. Be sure to include the city or county and zip code for the location, and apartment number, if any. A post office box number is not enough for service.
Finding the Correct Name and Address if the Defendant is a Business
If the defendant is a business, it may be a corporation or partnership, or it may be trading under an assumed name.
Business Trading Under an Assumed Name
Businesses trading under an assumed name by law must file something called a “fictitious name statement” in the clerk’s office of the local circuit court. You should check with the clerk’s office to see if such a statement has been filed. It will list the real name of the owner of the business, the name of an agent if the owner resides somewhere else, and an physical address where the owner or agent can be found. For example, if John Doe is doing business as “Doe Jewelry,” he would be sued under the name “John Doe trading as Doe Jewelry.”
Suing a Corporation
A simple way to find the address for a corporation is to call the registered agent division of the State Corporation Commission in Richmond, (804) 371-9967. That office will provide the name and address of the corporation‘s registered agent. The address needed to bring suit against the corporation is, for example, “XYZ Corp., c/o John Doe, Registered Agent, 1402 Fish Lane, Fishtown, Virginia.”
Filing a Small Claims Action in Virginia
If the plaintiff is seeking only a money judgment, the plaintiff should prepare and file a form called a “warrant in debt”. Warrant in Debt Form & Warrant in Debt Instructions
If the plaintiff is seeking to get back possession of specific personal property that the defendant wrongfully refuses to give back, the plaintiff should prepare and file a form called a “warrant in detinue”. Warrant in Detinue Form & Warrant in Detinue Instructions
The plaintiff will need to give the clerk of court the following:
- The name of the defendant;
- The current address of the defendant;
- For a money judgment case, the dollar amount of the plaintiff’s claim;
- For a suit to get back property, the specific property being sought, including its value;
- The reason for the claim, and;
- Funds to pay the filing fee and any sheriff’s fee for serving the warrant.
The amount one must pay to file a case and serve process may vary, depending upon the court. Ask the clerk of court about the cost. These fees must be paid in cash, by certified check, or by money order.
In addition to the copies you file with the court, you should make two extra copies of the papers you are filing. Keep one copy for your own records. Mail the second copy to the defendant.
Careful plaintiffs take one more step. Send a copy of the civil warrant by first-class mail to the defendant at least ten (10) days before the date when the plaintiff and defendant are to come to court for their first appearance in the dispute. Complete a Certificate of Mailing, deliver it to the judge on the court date or file it with the clerk’s office before the date of the trial. If you do not take these steps, you cannot get judgment on the trial date if the defendant fails to come to court (which often happens), and the case will have to be continued until the ten-day notice requirement has been met.
Service of Process
After filing, the papers are sent to the sheriff of the county or city where the defendant is located or the plaintiff may use a private process server to serve the papers on the defendant. A deputy of the sheriff’s department or a private process server will deliver the civil warrant to the defendant. This is called “service of process” and it provides the defendant with notice of the suit.
How are Papers Served?
Papers may be served in one of the following ways:
- Delivering the civil warrant to the defendant in person;
- Delivering the papers to the defendant or any member of the defendant’s family age sixteen or older at his home or “usual place of abode;”
- By posting (attaching) the civil warrant to the front door of the defendant’s usual place of abode.
If the deputy sheriff or private process server is not able to serve the papers by the above methods, the papers then will be returned to court with the deputy sheriff’s or private process server’s written statement that the defendant was “not found.” This means that the sheriff or process server was unable to serve the papers and there is no good service. If there is no good service, the court cannot try the case. You will have to find a better address, or seek the advice of an attorney.
Trial or Return Date
The civil warrant will include a date and time when the defendant and the plaintiff must come to court for the trial of their dispute. This date is sometimes called the “return date.” In the small claims division of the General District Court, the plaintiff should come to court prepared to try the case on this date. All of the cases scheduled for trial on the same date may require the parties to appear at the same time. However, the cases will be called one at a time when the parties will approach the judge concerning their case.
What is a Default Judgment?
If the civil warrant was properly served on the defendant and he or she fails to appear on the return date, a “default judgment” may be entered against the defendant. In this case, the court will enter a judgment for the plaintiff on the trial date based on enough evidence from the plaintiff to support the claim. The defendant has lost the case.
If the civil warrant was served by “posting” (see above) the civil warrant to the front door of the defendant’s residence, the court will not enter a default judgment until the plaintiff certifies that at least ten days before, the plaintiff mailed to the defendant a copy of the civil warrant. If you have used the Certificate of Mailing mentioned above, you should show it to the judge or tell the judge that you filed it with the clerk’s office before the trial date. If you cannot show the court that you have mailed a copy of the civil warrant to the defendant at least ten days ago, the case will be continued, and default judgment will not be entered until you can show that you have done so.
If the plaintiff fails to appear in court, the defendant may ask the judge to decide the case in the defendant’s favor.
What is Removal of the Case?
Before the judge decides the case, the defendant has the right to “remove” the case from the small claims division to the general district court by completing the Removal to General District Court form found on the back of the Warrant in Debt Form and giving it to the clerk or judge. If a case is removed, all further proceedings will occur in the general district court where formal rules of practice, procedure, pleadings and evidence apply, and where parties can be represented by lawyers.
Trial Procedures
The Question of Representation
In cases heard in the small claims division, all parties represent themselves, except as follows:
- A corporate or partnership plaintiff or defendant may be represented by an owner, a general partner, an officer or an employee of that corporation or partnership.
- Attorneys can appear in a small claims division action in the district court only if:
- They are appearing on their own behalf and not acting as a lawyer representing the interests of someone else; or
- The attorney is only appearing for the sole purpose of removing the case to the general district court.
- If the judge thinks that a plaintiff or defendant is unable to understand or participate on his own behalf in the hearing, this person may be represented by a friend or relative if the representative knows the facts of the case and is not an attorney.
Calling Witnesses
Any party who wishes to call witnesses should consider having the witness served with a subpoena, even if the witness has agreed to appear at the trial or is a defendant. You will be required to pay a sheriff’s fee for the service of each witness subpoena.
If the witness has received the subpoena at least five days before trial and the testimony is important to the case, the judge will usually continue the case to a later date if the witness does not appear and the party asks for the continuance. Otherwise, the trial usually will go forward without that witness.
To subpoena a witness, the party must file a Request for Witness Subpoena, district court form DC-325, (Request for Witness Subpoena - Instructions) in the small claims division of the clerk’s office at least ten days before the trial. The party will need to give the name and current home address of the witness being subpoenaed.
It is important to let your witnesses know you have filed a request for them to be a witness before they receive their subpoenas (except if they are the other party). Witnesses taken by surprise may be angry and less willing to be help out in court.
Trials for Small Claims Actions
Each case is tried in an informal manner. Both plaintiff and defendant will be given an opportunity to introduce evidence, ask questions of the witnesses, and explain to the judge why the judge should enter judgment in their favor. The judge can admit any evidence that tends to prove the facts in the case. The judge will not allow witnesses to testify until they have been sworn and will not consider “privileged communications” (statements by certain people that are barred by law from being used in a trial).
Judgment Is Entered
At the end of the case, the judge will enter judgment for either the plaintiff or the defendant. If judgment is for the plaintiff, it may be the result sought by the plaintiff, or it may be less. The person who has the burden of proof must not only prove that he or she has the right to win the case, but also must prove the amount due.
Appeal
If a party wishes to appeal the judgment and the amount in dispute is greater than $50, the party may file an appeal of the case to the circuit court for a new trial. Notice of the appeal must be filed within ten days after the entry of judgment. District court form DC-475, Civil Appeal Notice, is used for filing an appeal. If an appeal is filed, the judge will set an appeal bond. Within thirty days after judgment is entered, an appealing party must post the required bond with the clerk of the court, or the appeal will not go forward.
On appeal, the case will be tried anew in circuit court in a formal manner, strictly following all of the rules of evidence and procedure, where lawyers usually represent the parties. In circuit court, a jury may be requested if the claim exceeds $100.
Enforcing the Judgment
The plaintiff who wins in a civil case will in most cases be awarded a money judgment. The judgment is the court’s order that the defendant (now a judgment debtor) owes the plaintiff (now a judgment creditor) a stated sum of money. Obtaining a judgment is not the same as receiving the money. The judgment can only be enforced out of property belonging to the defendant.
The law provides remedies for judgment creditors to enforce judgments. The judgment creditor may contact the general district court clerk’s office for more information on court procedures to collect the judgment, including:
- Using a Summons to Answer Interrogatories for getting information about the defendant and his property in order to use court collection procedures.
- Obtaining an Abstract of Judgment to take to circuit court for recording as a lien against real estate.
- Obtaining a Writ of Fieri Facias to have the judgment debtor’s personal property sold at public auction to pay the judgment.
- Obtaining a Garnishment Summons to secure payment from the judgment debtor’s bank account or earnings.
Forms
Visit the District Court Forms page to locate forms for small claims.
Additional Resources
Please see the VALegalAid.org website for more information.
More detailed information can be found at Small Claims Court Procedures on the Virginia Judiciary website.",/home/alex/va_courts_website/selfhelp.vacourts.gov/node/11/small-claims.html
Free and Low Cost Legal Resources Pamphlet | Virginia Judicial System Court Self-Help,https://selfhelp.vacourts.gov/selfhelp.vacourts.gov/node/32/free-and-low-cost-legal-resources-pamphlet.html,"Free and Low Cost Legal Resources Pamphlet
The Virginia State Bar offers this pamphlet that includes information for low- and modest-income Virginians about obtaining legal services.
Last updated on .
The Virginia State Bar offers this pamphlet that includes information for low- and modest-income Virginians about obtaining legal services.
23 Apr 2025
Guide to Virginia Legal Information Resources (2025)
An updated Guide to Virginia Legal Information Resources has been released…
Continue Reading10 Apr 2025
Access to Justice Listening Tour for Greater Richmond
The Access to Justice Commission of the Supreme Court of Virginia Invites…
Continue Reading",/home/alex/va_courts_website/selfhelp.vacourts.gov/node/32/free-and-low-cost-legal-resources-pamphlet.html
Page has moved,https://selfhelp.vacourts.gov/selfhelp.vacourts.gov/node/7/,Click here...,/home/alex/va_courts_website/selfhelp.vacourts.gov/node/7/index.html
Find a Mediator | Virginia Judicial System Court Self-Help,https://selfhelp.vacourts.gov/selfhelp.vacourts.gov/node/7/find-mediator.html,"Find a Mediator
Mediation
Mediation is an alternative dispute resolution (ADR) process in which a trained neutral mediator facilitates communication between the parties. Without deciding the issues or imposing a solution on the parties, a mediator enables them to understand and reach a mutually agreeable resolution to their dispute. It helps the parties understand and identify their needs, overlapping interests and any areas of agreement.
In Virginia using a mediation process is voluntary. The mediation process is confidential and used in many proceedings.
Courts in Virginia offer a variety of dispute resolution services. Some of these services may be available at no cost. The Judicial Services Department of the state court administrator's office hosts a general directory of private providers. They also offer a link to Resolution Virginia. Your local court or local law library may offer more information about mediators in your area.",/home/alex/va_courts_website/selfhelp.vacourts.gov/node/7/find-mediator.html
Eviction Defense Center website help | Virginia Judicial System Court Self-Help,https://selfhelp.vacourts.gov/selfhelp.vacourts.gov/node/75/eviction-defense-center-website-help.html,"Eviction Defense Center website help
Virginia Poverty Law Center staff will be at the main branch of the Richmond Public Library to help people use a new online Eviction Defense Center. Renters at risk of losing their home can find step-by-step instructions for fighting evictions, links to the types of notices they may receive and find help connecting with a legal aid attorney. There is a Spanish version here - NoDesalojo.org
Where : 101 East Franklin Street 23219
When : Every week through August 2024
- Mondays, 5-8pm.
- Wednesdays, 10am-1pm.
-
Thursdays, 2-5pm.",/home/alex/va_courts_website/selfhelp.vacourts.gov/node/75/eviction-defense-center-website-help.html
Traffic Cases and Driver's Licenses | Virginia Judicial System Court Self-Help,https://selfhelp.vacourts.gov/selfhelp.vacourts.gov/node/9/traffic-cases-and-drivers-licenses.html,"Traffic Cases and Driver's Licenses
Are traffic cases criminal or civil?
Some are criminal, and some are civil. Consult with a lawyer if you have any questions.
Which court handles traffic cases?
Most traffic cases are handled by the General District Court in the city or county where the ticket was issued.
Where can I find information about paying my traffic ticket online?
This Self-Help website includes information about paying your traffic ticket online.
Where can I find information about restoring my driver's license?
The Virginia Department of Motor Vehicles offers information about reinstating your Virginia driver's license. Note the Virginia DMV website states that ""you may obtain your specific reinstatement requirements by requesting a personal Driver Transcript and a Compliance Summary, using the customer logon feature. Use these documents to assist in reinstating your driving privileges or while discussing your requirements with a DMV representative."" At the bottom of this panel on the webpage, there is a link to ""Compliance Summary Request FAQs"" (frequently asked questions), which may be helpful. Both of these documents, explained here, can be requested online after creating an online DMV account. To do this you will need your DMV customer number (which appears on your driver's license) OR social security number, date of birth, and myDMV account PIN. (You will select a PIN when you create your myDMV account.)
The DMV website also offers information about Driver Improvement Clinics in Virginia and the Virginia driver’s point system. You can learn more about requesting a copy of your driver record (moving violations and points assessed) from the Department of Motor Vehicles here.
Drive to Work is a Virginia non-profit organization. It assists qualifying low-income people and people who have been in jail or prison to restore driving privileges so they can drive to work and hold a job.
Where can I find court forms about driving privileges or my driver's license?
Visit the Driver's License and Driving Privileges Forms page for more information.",/home/alex/va_courts_website/selfhelp.vacourts.gov/node/9/traffic-cases-and-drivers-licenses.html
Guardianship & Conservatorship | Virginia Judicial System Court Self-Help,https://selfhelp.vacourts.gov/selfhelp.vacourts.gov/node/19/guardianship-conservatorship.html,"Guardianship & Conservatorship
What is Guardianship & Conservatorship?
A guardian is a person appointed by the court who is responsible for the personal affairs of an incapacitated person. A guardian is responsible for making decisions regarding the incapacitated person's support, care, health, safety, ability to dress themselves, education, therapeutic treatment, and if not in keeping with an order of commitment, the place where they live.
A conservator is a person appointed by the court who is responsible for managing the estate and financial affairs of an incapacitated person. Either a conservator or guardian may be full, limited, or for a short-term period of time, depending upon the court's order.
Which court hears these cases?
The Circuit Court.
Where can I get more information about Guardianship & Conservatorship?
The Office of the Executive Secretary of the Supreme Court of Virginia has published the following documents:
- You've Been Appointed: Information for Virginia Guardians and Conservators
- Frequently Asked Questions [FAQs] about Appointment of Guardians and Conservators for Incapacitated Adults
- Options in Virginia to Help Another Person Make Decisions: Choices Less Restrictive Than Guardianship and Conservatorship
- Online Tutorial about Appointment of Guardians and Conservators for Incapacitated Adults
Where can I find forms about Guardianship & Conservatorship?
Visit the Guardianship & Conservatorship Forms page for more information.",/home/alex/va_courts_website/selfhelp.vacourts.gov/node/19/guardianship-conservatorship.html
Medical Emergency Forms | Virginia Judicial System Court Self-Help,https://selfhelp.vacourts.gov/selfhelp.vacourts.gov/node/51/medical-emergency-forms.html,"Medical Emergency Forms
Where can I find court approved forms?
The Virginia Judicial System has a number of forms for each court available on the court's form page. You can also access forms by entering the form number or a keyword in the search box on the court's form page, which is located in the upper right hand corner of each page above the navigation column.
District Court
Medical Treatment and Detention Petition (Form # DC-489a)
- https://www.vacourts.gov/forms/district/dc489a.pdf
- Instructions: https://www.vacourts.gov/forms/district/dc489ainst.pdf
Medical Emergency Temporary Detention Petition (Form # DC-489)
- https://www.vacourts.gov/forms/district/dc489.pdf
- Instructions: https://www.vacourts.gov/forms/district/dc489inst.pdf
Medical Emergency Custody Petition (Form # DC-491)",/home/alex/va_courts_website/selfhelp.vacourts.gov/node/51/medical-emergency-forms.html
Juvenile Forms | Virginia Judicial System Court Self-Help,https://selfhelp.vacourts.gov/selfhelp.vacourts.gov/node/50/juvenile-forms.html,"Juvenile Forms
Where can I find court approved forms?
The Virginia Judicial System has a number of forms for each court available on the court's form page. You can also access forms by entering the form number or a keyword in the search box on the court's form page, which is located in the upper right hand corner of each page above the navigation column.
District Court - Juvenile
Motion and Order for Expungement and Destruction of Juvenile Records (Form # DC-587)
- https://www.vacourts.gov/forms/district/dc587.pdf
- Instructions: https://www.vacourts.gov/forms/district/dc587inst.pdf
Notice of Expungement Rights (Form # DC-588)",/home/alex/va_courts_website/selfhelp.vacourts.gov/node/50/juvenile-forms.html
Orden de Protección de Lista de Información | Virginia Judicial System Court Self-Help,https://selfhelp.vacourts.gov/selfhelp.vacourts.gov/node/64/orden-de-proteccion-de-lista-de-informacion.html,"Orden de Protección de Lista de Información
Se le pedirá que incluya la siguiente información
1. Información personal
a. Fecha de nacimiento
b. Dirección
c. Números de teléfono
d. Descripcion de su vehiculo automotor
2. Información acerca de la persona de quien desea que se le proteja
a. Fecha de nacimiento
b. Dirección
c. Números de teléfono
d. Lugar de empleo
e. Dirección laboral
f. Número de teléfono laboral
g. Descripción física
h. Número de seguro social
i. Descripción del vehículo automotor y número de licencia
j. Lugares que la persona frecuenta
3. Información acerca de cada uno de los hijos que tiene en comun con la persona de quien desea que se le proteja
a. Fecha de nacimiento
b. Direcciones de los lugares en que los ninos han vivido durante los ultimos conco anos
c. Dicecciones actuales de cualquir persona con quien los ninos han vivido durante los ultimos cinco anos
d. Informacion acerca de audiencias previas sobre custodia o visitas
4. Información acerca de los miembros de su familia o de su hogar para quienes usted desea protección
a. Raza
b. Fecha de nacimiento
c. Dirección actual
Lo que las víctimas de violencia familiar necesitan saber
Si necesita ayuda ahora,llame al:
911
¡Haga un plan para su seguridad!
Llame a la Línea Especial de Virginia de Violencia Familiar y Agresión Sexual:
1-800-838-8238 - las 24 horas del día
En Virginia hay 3 tipos de órdenes de protección que pueden proteger a usted y a sus familiares u hogar:
Órdenes de protección de emergencia (sólo pueden durar 72 horas)
Órdenes de protección preliminares (duran 15 días o hasta la verdadera audiencia)
Órdenes de protección (pueden durar hasta 2 años)
Qué pasa si necesito ayuda ahora y no hay un juez disponible?
Vaya a la Oficina del Magistrado y pida una orden de protección de emergencia. Las órdenes de emergencia sólo pueden durar 72 horas.
Si necesita protección más tiempo, tiene que pedir a la corte una orden de protección preliminar.
Cómo obtengo una orden de protección preliminar?
Tiene que llenar los formularios de la corte. I-CAN! le ayudará. Lleve sus formularios de la corte a Court Servicies. El secretario los revisará y los procesará.
Después es posible que usted pase a una sala de la corte, donde un juez le hará preguntas para decidir si le dará o no una orden de protección preliminar.
Cuánto tiempo dura la orden preliminar?
Si el juez le da la orden de protección preliminar, durará 15 días o hasta la audiencia completa.
La audiencia completa es cuando usted y la otra persona dicen al juez su version de lo que pasó. El juez le dirá cuándo será la audiencia completa.
Qué pasa si no acudo a la verdadera audiencia?
Si no acude a la verdadera audiencia, su orden preliminar termina en 15 días o en la fecha de la audiencia.
Qué pasa si la otra persona no acude a la audiencia?
Usted igual tiene que acudir a la corte ese día y pedirle al juez emita una nueva orden de protección preliminar con una nueva fecha para una verdadera audiencia completa.
Cuánto tiempo dura una orden de protección?
Puede durar hasta 2 años.
Cuándo entra en vigor la orden de protección?
Para que entre en vigor, el alguacil o un funcionario de la corte tienen que entregar una copia de la orden de protección a la persona de la que desea protección. Esto se conoce como “entrega personal”.
Explique al Departamento del Alguacil cómo encontrar a la persona. (Su dirección, teléfono, dónde trabaja, foto, etc.)
Cómo sé si le entregaron los papeles de la corte a la persona de la que deseo protección?
Llame al Departamento del Alguacil y pregunte si entregaron los papeles a la persona.
Qué pasa si la persona de la que deseo protección no obedece la orden?
La policía puede arrestar a la persona y presentar cargos penales contra la persona.
Qué pasa si la persona va a mi casa o al lugar donde trabajo?
Tiene que llamar a la policía y decirles que tiene una orden de protección contra la persona.
Qué pasa si necesito cambiar una parte de la orden de protección?
Tiene que presentar y llenar nuevos formularios de la corte.
Qué pasa si la otra persona y yo somos dueños de una casa o carro juntos?
La orden de protección no cambia la propiedad de ningún bien raíz ni de bienes personales.
Qué es una orden de “no tener contacto”?
No tener contacto significa que la otra persona no puede ponerse en contacto con usted:
en persona
por teléfono, fax, correo o correo electrónico
a través de otra persona
La otra persona no le puede mandar nada, como regalos o flores.
Si tiene que ponerse en contacto de vez en cuando con la otra persona, dígaselo al juez en la audiencia.
Lo que las víctimas de violencia familiar con hijos necesitan saber
Qué pasa si creo que mis hijos están en peligro inmediato de la persona de la que deseo protección?
Pida al juez que ordene a la persona de la que desea protección que no tenga contacto con sus hijos.
Qué pasa si deseo tener patria potestad / custodia de los niños o que la persona de la que deseo protección tenga visitación limitada?
Tiene que pedir al juez custodia o visitación temporal. Temporal significa que el juez solo emitirá órdenes de custodia y de visitación a corto plazo en su orden de protección.
El juez no puede hacer órdenes de largo plazo hasta la audiencia completa. Si tiene papeles de la corte sobre patria potestad / custodia o visitación de sus hijos, llévelos a la audiencia.
Qué es la custodia?
La custodia incluye la custodia física y la custodia legal. Custodia física significa dónde vive el niño. Custodia legal significa quién toma decisiones importantes sobre la salud, la educación y el bienestar del niño.
Qué es visitación?
La visitación es el derecho que otorga la corte al padre, madre o algún otro pariente para que visite a un niño. Si sólo uno de los padres tiene patria potestad / custodia (esto se llama custodia exclusiva), el otro padre puede obtener derechos de visitación.
Qué pasa si necesito órdenes de custodia y de visitación a largo plazo?
Tiene que llenar otros formularios de la corte. Pregunte en Court Servicies sobre esos formularios. Le pueden cobrar una cuota por presentar su petición de órdenes de custodia y de visitación a largo plazo.
Qué hago si me preocupa la seguridad de mis hijos en la escuela o en la guardería?
Pida al juez que ordene que la persona de la que desea protección no se ponga en contacto con los niños en la escuela o en la guardería.
Entregue copias de la orden de protección a las personas que cuidan a sus hijos, a los administradores de la escuela y al personal de la guardería.
Qué pasa si tengo miedo de la persona de la que deseo protección cuando viene a recoger o a dejar a los niños?
Pida al juez que ordene un lugar seguro para recoger o dejar a los niños. También puede pedirle al juez que ordene que una persona aparte de la persona de la que desea protección recoja y deje a los niños, como por ejemplo uno de los padres de esa persona o un amigo.
Qué pasa si mis hijos y yo necesitamos un lugar seguro para quedarnos?
Póngase en contacto con un refugio de violencia en el hogar local o llame a la Línea Especial de Virginia de Maltrato Familiar y Agresión Sexual, al 1-800-838-8238.",/home/alex/va_courts_website/selfhelp.vacourts.gov/node/64/orden-de-proteccion-de-lista-de-informacion.html
Driver's License and Driving Privileges Forms | Virginia Judicial System Court Self-Help,https://selfhelp.vacourts.gov/selfhelp.vacourts.gov/node/38/drivers-license-and-driving-privileges-forms.html,"Driver's License and Driving Privileges Forms
Where can I find court approved forms?
The Virginia Judicial System has a number of forms for each court available on the court's form page. You can also access forms by entering the form number or a keyword in the search box on the court's form page, which is located in the upper right hand corner of each page above the navigation column.
Circuit Court
Petition for Restoration of Driving Privilege –Third Offense (Form # CC-1470)
- https://www.vacourts.gov/forms/circuit/cc1470.pdf
- Instructions: https://www.vacourts.gov/forms/circuit/cc1470inst.pdf
District Court
General
Motion for Review of Administrative Suspension of Driver’s License/ Driving Privileges (Form # DC-202)
- https://www.vacourts.gov/forms/district/dc202.pdf
- Instructions: https://www.vacourts.gov/forms/district/dc202inst.pdf
Petition for Payment Agreement for Fines and Costs or Motion to Modify Existing Agreement (Form # DC-211)
Application for Restricted Driver’s License (Form # DC-263)
- https://www.vacourts.gov/forms/district/dc263.pdf
- Instructions: https://www.vacourts.gov/forms/district/dc263inst.pdf
Petition for Authorization For Restricted Driver’s License—Failure to Pay Fines (Form # DC- 270)
- https://www.vacourts.gov/forms/district/dc270.pdf
- Instructions: https://www.vacourts.gov/forms/district/dc270inst.pdf
Petition for Authorization for Restricted Driver’s License—Conviction for Unauthorized Driving (Form # DC-273)
- https://www.vacourts.gov/forms/district/dc273.pdf
- Instructions: https://www.vacourts.gov/forms/district/dc273inst.pdf
Petition for Reinstatement of Driving Privileges—Failure to Satisfy Judgment (Form # DC-472)
- https://www.vacourts.gov/forms/district/dc472.pdf
- Instructions: https://www.vacourts.gov/forms/district/dc472inst.pdf
Petition for Restoration of Driving Privileges–Habitual Offender (Form # DC-485)
- https://www.vacourts.gov/forms/district/dc485.pdf
- Instructions: https://www.vacourts.gov/forms/district/dc485inst.pdf
Jail Fees
Petition and Order for Approval of Jail Fees Payment Agreement (Form # DC-276)
- https://www.vacourts.gov/forms/district/dc276.pdf
- Instructions: https://www.vacourts.gov/forms/district/dc276inst.pdf
Failure to Pay Child Support
Petition and Order to Suspend Driver’s License—Failure to Pay Child Support (Form # DC-280)
- https://www.vacourts.gov/forms/district/dc280.pdf
- Instructions: https://www.vacourts.gov/forms/district/dc280inst.pdf
Petition for Restricted Driver’s License—Failure to Pay Child Support (Form # DC-281)",/home/alex/va_courts_website/selfhelp.vacourts.gov/node/38/drivers-license-and-driving-privileges-forms.html
Voting Rights Forms | Virginia Judicial System Court Self-Help,https://selfhelp.vacourts.gov/selfhelp.vacourts.gov/node/43/voting-rights-forms.html,"Voting Rights Forms
Where can I find court approved forms?
The Virginia Judicial System has a number of forms for each court available on the court's form page. You can also access forms by entering the form number or a keyword in the search box on the court's form page, which is located in the upper right hand corner of each page above the navigation column.
Circuit Court
Information about Petitioning a Circuit Court for Approval of the Right to Register to Vote (Form #CC-1402)
Petition for Approval of the Right to Register to Vote (Form # CC-1403)",/home/alex/va_courts_website/selfhelp.vacourts.gov/node/43/voting-rights-forms.html
Hope Card Program in Virginia | Virginia Judicial System Court Self-Help,https://selfhelp.vacourts.gov/selfhelp.vacourts.gov/node/66/hope-card-program-virginia.html,"Hope Card Program in Virginia
The Hope Card Program has been expanded to all localities in the Commonwealth of Virginia. The Hope Card is a durable, plastic, wallet-sized card that summarizes a protective order's most important details in an easy-to-read format.
A Hope Card does NOT replace an existing protective order. Law enforcement still must verify the order in the Virginia Criminal Information Network (VCIN) when presented with a Hope Card.
The Hope Card contains information such as :
- identifying characteristics of the person ordered to ""stay away""
- issue/expiration dates of the order
- terms of the order, including possession of residence, etc.
- other protected parties
Applications can be downloaded from https://hopecard.vacourts.gov/
Applications are also available from the clerks of court and local victim advocates. Completed applications must be turned in to the clerk of the court where the final protective order was issued.",/home/alex/va_courts_website/selfhelp.vacourts.gov/node/66/hope-card-program-virginia.html
Mental Health (Juvenile) Forms | Virginia Judicial System Court Self-Help,https://selfhelp.vacourts.gov/selfhelp.vacourts.gov/node/41/mental-health-juvenile-forms.html,"Mental Health (Juvenile) Forms
Where can I find court approved forms?
The Virginia Judicial System has a number of forms for each court available on the court's form page. You can also access forms by entering the form number or a keyword in the search box on the court's form page, which is located in the upper right hand corner of each page above the navigation column.
Juvenile and Domestic Relations District Court
Motion for Review of Order for Mandatory Outpatient Treatment (Form # DC-5005)
- https://www.vacourts.gov/forms/district/dc5005.pdf
- Instructions: https://www.vacourts.gov/forms/district/dc5005inst.pdf
Motion to Continue Mandatory Outpatient Treatment Order (Form # DC-5015)
- https://www.vacourts.gov/forms/district/dc5015.pdf
- Instructions: https://www.vacourts.gov/forms/district/dc5015inst.pdf
Notice of Alternative Facility of Temporary Detention (Juvenile) (Form # DC-5044)
- https://www.vacourts.gov/forms/district/dc5044.pdf
- Instructions: https://www.vacourts.gov/forms/district/dc5044inst.pdf
Order for Transportation To Alternative Facility of Temporary Detention (Juvenile) (Form # DC- 5046)",/home/alex/va_courts_website/selfhelp.vacourts.gov/node/41/mental-health-juvenile-forms.html
Resources for Veterans | Virginia Judicial System Court Self-Help,https://selfhelp.vacourts.gov/selfhelp.vacourts.gov/node/35/resources-veterans.html,"Resources for Veterans
The Military & Veteran Legal Resource Guide was published by the Virginia Office of the Attorney General. This booklet is for Virginia service members, their families, and veterans. It explains the legal protections, rights, and resources that are available to them under the law.
The website of the Virginia Department of Veterans Services offers a range of information for veterans and their families. This website includes information about legal issues here.
- Prev
- Next",/home/alex/va_courts_website/selfhelp.vacourts.gov/node/35/resources-veterans.html
Conservator of the Peace Forms | Virginia Judicial System Court Self-Help,https://selfhelp.vacourts.gov/selfhelp.vacourts.gov/node/45/conservator-peace-forms.html,"Conservator of the Peace Forms
Where can I find court approved forms?
The Virginia Judicial System has a number of forms for each court available on the court's form page. You can also access forms by entering the form number or a keyword in the search box on the court's form page, which is located in the upper right hand corner of each page above the navigation column.
Circuit Court
Application for Appointment of Special Conservator of the Peace (Form # CC-1430)
Last updated on .",/home/alex/va_courts_website/selfhelp.vacourts.gov/node/45/conservator-peace-forms.html
How to Change Your Address | Virginia Judicial System Court Self-Help,https://selfhelp.vacourts.gov/selfhelp.vacourts.gov/node/2/how-change-your-address.html,"How to Change Your Address
If you have a court case, you must keep your address up-to-date.
Please use this form https://www.vacourts.gov/forms/district/dc437.pdf and file it with the court handling your case.
NOTE: Pursuant to Virginia Code § 16.1-88.03, parties not represented by counsel, and who have made an appearance in the case, shall promptly notify in writing the clerk of court wherein the litigation is pending, and any adverse party, of any change in the party’s address necessary for accurate mailing or service of any pleadings or notices. In the absence of such notification, a mailing to or service upon a party at the most recent address contained in the court file of the case shall be deemed effective service or other notice. (Bold added)",/home/alex/va_courts_website/selfhelp.vacourts.gov/node/2/how-change-your-address.html
404 Not Found,https://selfhelp.vacourts.gov/selfhelp.vacourts.gov/sites/vacourts.openadvocate.org/files/favicon.html,"The requested URL ""https://selfhelp.vacourts.gov/sites/vacourts.openadvocate.org/files/favicon.ico"" was not found on this server.",/home/alex/va_courts_website/selfhelp.vacourts.gov/sites/vacourts.openadvocate.org/files/favicon.html
"Sorry, we can't find the page. | Virginia Judicial System Court Self-Help",https://selfhelp.vacourts.gov/selfhelp.vacourts.gov/themes/custom/bootstrap_ui/images/pin-violet.html,"Virginia Judicial System Court Self-Help
Resources for Self-Represented Litigants in Virginia
Menu
Please search the website or explorer these popular pages.",/home/alex/va_courts_website/selfhelp.vacourts.gov/themes/custom/bootstrap_ui/images/pin-violet.html
"Sorry, we can't find the page. | Virginia Judicial System Court Self-Help",https://selfhelp.vacourts.gov/selfhelp.vacourts.gov/themes/custom/images/required.html,"Virginia Judicial System Court Self-Help
Resources for Self-Represented Litigants in Virginia
Menu
Please search the website or explorer these popular pages.",/home/alex/va_courts_website/selfhelp.vacourts.gov/themes/custom/images/required.html
404 Not Found,https://selfhelp.vacourts.gov/selfhelp.vacourts.gov/images/help.html,"Not Found
The requested URL ""https://selfhelp.vacourts.gov/images/help.png"" was not found on this server.",/home/alex/va_courts_website/selfhelp.vacourts.gov/images/help.html
"Sorry, we can't find the page. | Virginia Judicial System Court Self-Help",https://selfhelp.vacourts.gov/selfhelp.vacourts.gov/images/feed.html,"Virginia Judicial System Court Self-Help
Resources for Self-Represented Litigants in Virginia
Menu
Please search the website or explorer these popular pages.",/home/alex/va_courts_website/selfhelp.vacourts.gov/images/feed.html
